V1,Control.F.6-Protandim.M.6_logFC,Control.F.6-Protandim.M.6_logCPM,Control.F.6-Protandim.M.6_LR,Control.F.6-Protandim.M.6_PValue,Control.F.6-Protandim.M.6_FDR
Sult5a1,-1.63431949817364,4.09101042023343,6.37168594537049,0.011595537988267,0.123068904388449
Il12rb1,-2.47144869658693,0.813555984873979,25.7716795612141,3.8428603842415e-07,2.92533171916593e-05
C1ql4,-2.79040314234277,-1.00658156952152,25.3956456421434,4.66970973417376e-07,3.53791373509487e-05
Col1a1,-1.62938395189462,2.39838835369534,7.45285034478515,0.0063336072743557,0.0845150633454521
Ccne1,-1.81636749771835,0.117381393625834,5.94634292186404,0.0147478510628986,0.143057734885617
Rec8,-2.73206691551209,-0.684247713186742,10.0847129708945,0.0014950444900016,0.0302528876166657
Cd36,3.63142527382052,6.02565798519947,33.6584553249373,6.56887255678385e-09,7.55467602106091e-07
Hmgn2,1.76962231856707,2.38403752570077,16.0216735878338,6.26214969868937e-05,0.0024840378432567
Fkbp11,-1.54193723893518,2.67283994712075,21.9921156219383,2.73772799625562e-06,0.0001651521499929
Col5a3,-1.93531073264662,4.91356225227188,28.0332243102567,1.19250386581303e-07,1.03605254341777e-05
Mthfd2,-1.58890432875127,0.606689349130227,12.8281003041157,0.0003414522562668,0.0098173664904357
Cbfa2t3,1.57499982842075,2.4719219211425,20.2461980196253,6.80886414376881e-06,0.0003766314955096
Ihh,-2.28035409014333,0.827502412772809,13.3799137812375,0.0002543334204159,0.0078018606869675
Krt23,3.57644371153526,3.39521827207173,26.8623849441988,2.18469809181357e-07,1.80956392205864e-05
Id3,1.56082122305666,5.7148688114276,12.5853783012306,0.0003887763333493,0.0108463847555365
Rps18,3.02430778631162,5.73535066745269,7.06100566420888,0.0078779761569458,0.0960885721322241
Bmp7,-1.6114710781864,0.680161181293919,8.44106729708164,0.0036684088515164,0.0578335146946176
Derl3,-1.98136587495437,2.13717836655579,5.59496461367424,0.0180121749407098,0.161765521686621
Gnat2,-1.70934491520999,-0.518857355201614,11.0643359523116,0.0008800410168687,0.0206887289642118
Mogat1,2.12888407477946,0.106496150395278,6.33587363490419,0.0118319821721613,0.124418798094177
Kif1a,2.17959848309109,-1.17738159261325,5.64022529054633,0.0175529514425974,0.158981009496523
Galns,-1.94214211843175,2.67300360147518,35.2405575330416,2.9139148410850703e-09,3.58321866535277e-07
Ptgds,2.52112054613058,1.8599265419339,18.2430271282509,1.94436429395727e-05,0.0009278390329313
Gadd45b,1.9571261222818,2.7416627267814,12.4696133124488,0.0004136257088843,0.0114200700901997
C4a,-3.85034388123372,7.8646761268036,34.7550512393613,3.739072993683711e-09,4.49419705842314e-07
Steap2,1.76453942844669,2.86326367242054,18.2642972568813,1.92277317826221e-05,0.0009216550084573
Sertad4,-2.2019793368447,-1.08829412906402,7.8473675117754,0.0050894762891604,0.0730344416144695
Gdf9,-1.69390811639524,-1.05608706112517,8.90001456173196,0.0028516838183605,0.0480875712239574
6330403K07Rik,-3.0722253075424,-1.52413878576147,4.23231335377875,0.0396613479022296,0.258052132384528
Cyb561,-2.50592773791755,1.68619960973328,10.495825041463,0.0011964457827861,0.0258207242724145
Dcbld1,1.53945590576167,1.62026625819475,50.1310668801764,1.4381202740208099e-12,3.1930264861801e-10
Cdk1,-1.98899063298836,-0.663436345165829,8.20064251943409,0.0041875557595288,0.063131788526184
Moxd1,-14.0006492857383,2.58265298350066,36.0899957578354,1.8841165555713402e-09,2.46881043093143e-07
Mypn,-3.99317484373844,-1.5248407030817,9.59234997432635,0.0019538971582125,0.0366607980882466
Ddit4,-1.99974864020753,2.86061109025838,11.2056244891131,0.0008154977795851,0.0196333546753746
Egfr,-2.38286566606411,7.69994764791278,26.7417855670785,2.32538152309667e-07,1.9063358476012e-05
E2f7,-2.96814118583976,-0.673658836179787,20.5029494623205,5.95394346628537e-06,0.0003339640008843
Hcn2,-1.97699060514872,-0.725757986655769,22.2460696995282,2.39849230308203e-06,0.0001486135579731
Adcy1,3.12335043560659,0.379068789863341,12.9540033187257,0.000319238100533,0.0093126647356231
Rtn4,2.5815262462988,6.169624464257,84.0150243099415,4.9102893981695105e-20,2.61652954397126e-17
Grhl1,1.63841886102078,-0.438471277071371,10.5852437181443,0.0011399386798559,0.0248948903499692
Rasl10b,-2.25214192076875,-0.923842793545438,20.598851304934,5.66300829678802e-06,0.0003198899315634
Plek2,1.57703223917609,-0.412138147238412,9.3585171056933,0.0022195164556753,0.0403195341595749
Unc79,2.39803513289346,1.18909729456452,18.9206645343927,1.36268573296392e-05,0.0006786259852698
Acot2,1.84486154319577,5.5952339636214,23.5995294954299,1.18616516108538e-06,7.9008484437962e-05
Acot3,1.66048542917549,5.25521428588413,4.85241159306443,0.0276075077128499,0.209939973821398
Fos,3.13690765623236,0.678766711170427,12.8564166751117,0.000336323994141,0.0097399916129326
Meg3,-4.16251193388545,2.74494259474168,29.6187618033895,5.25934027792237e-08,4.94563609899218e-06
Carmil1,-2.73899501051219,2.70037312317726,55.8590935703086,7.78557823400153e-14,2.1458664422198e-11
Eci3,3.97294238193061,1.60063118837468,18.2614595127145,1.92563976494901e-05,0.0009216550084573
Srd5a1,-1.60782074163825,5.23084235374534,38.7718637993778,4.76344710630162e-10,7.0507838371609e-08
Hexb,2.07790030294255,2.77263364956285,32.7684730502821,1.03815002374048e-08,1.14454250203554e-06
Sftpa1,-1.59704927629861,-0.0262033945474759,10.1858667330453,0.0014152118364241,0.0291478394994752
Amer2,2.67088857559592,0.183291013931386,13.270134904716,0.0002696677993917,0.008118473523685
Scara5,-5.78982096531154,2.07792398142309,33.8847215349357,5.84761117533654e-09,6.77390668470506e-07
C9,-2.1417765209922,7.86552780536324,68.8044433654447,1.08727443901908e-16,3.86248204047977e-14
C6,-4.85702916802416,6.00900751314412,148.630078290999,3.4546248576713698e-34,6.90320412184182e-31
Angpt1,2.08092940605217,-0.582954246302433,11.4285615338306,0.0007232365679925,0.0178973061546884
Sybu,4.59526303252728,0.705910068791325,63.6535056829099,1.4834476174671902e-15,4.94049866933967e-13
A1bg,7.69306233251042,7.68721088893128,40.4519516236691,2.01511065897436e-10,3.1894612865707e-08
Bcl6,-2.022165493844,4.81497118427278,5.78271924330699,0.0161844839577012,0.151287044619548
Arsa,-1.65825044025302,5.54033161870263,69.6816919356249,6.96899635587056e-17,2.5319630851124302e-14
Ncam2,-2.16161433968405,0.716088201332486,19.3164560431225,1.10747750230138e-05,0.0005650453699859
Aifm3,-1.59620418575745,3.07074263720381,48.8883582897665,2.70954223811605e-12,5.69930818664779e-10
Nr4a1,2.07323189136002,2.55698572566599,5.48232870109223,0.0192096514639726,0.168081821731289
Csad,-1.54777861837934,7.457882991502,7.16969536986046,0.0074145364664245,0.0926865529193068
Cd4,-2.24893166634642,0.319386709012466,16.3506472803935,5.26381815163951e-05,0.0021576255633874
Slc25a27,2.45649126983342,-0.099949684495864,27.9296251766759,1.258087322862e-07,1.08712345639308e-05
Crisp2,2.33664215551276,-1.87773085019151,5.24192699537279,0.0220488382910965,0.182090597116022
Cyp39a1,5.25877640999584,4.30435013247077,53.466803234638,2.62999684010662e-13,6.46817376706838e-11
Tff3,-4.49089699752165,0.284098547095563,10.5064100451215,0.0011896114639746,0.0257688742043616
Grm8,-3.34633295291356,0.541311698619078,39.7617447049936,2.86910098651568e-10,4.36813794004188e-08
Cyp21a1,-6.36341281306204,2.64825704779264,11.8537141324821,0.0005754645727331,0.0148477578463237
Epb41l4a,1.90710376728314,-0.975653866572357,9.24729012853915,0.0023584416534667,0.042031268976944
Lama3,-3.68530470011261,2.08268162683805,73.9146026937082,8.15706424053899e-18,3.25997072373141e-15
Ttc39c,-2.47857068878208,7.52193103093625,111.629458259984,4.3073958927201897e-26,4.0504723965308804e-23
Slc4a9,2.91196384865566,1.36142148286057,16.3174326968352,5.35688735812928e-05,0.0021804810356572
Setbp1,2.79704044118414,0.469981119546285,25.9981806791905,3.41739249266325e-07,2.69115450185786e-05
Keg1,-2.64210425791163,6.2098581843545,58.2484175201316,2.3102273771632702e-14,6.594874080595009e-12
Gna14,-1.53648453410073,2.29360580816545,16.779154403889,4.19920742917518e-05,0.0017900941323411
Trpm6,5.64228824141424,-0.0456694460371696,32.2720202108899,1.34029501428799e-08,1.44769973637891e-06
Stambpl1,2.03996937798687,-0.0307252526364462,23.9691610368021,9.7891175628506e-07,6.68755698118503e-05
Vldlr,6.2684065847429,3.59837374748156,72.5026542967098,1.6680744947411302e-17,6.503863139739461e-15
Pde6c,1.52785413885601,0.299955749341368,5.17900008034979,0.0228614766419666,0.185797440568621
Cyp2c39,4.72806556001961,7.74616676028829,40.4299303072359,2.0379511939331501e-10,3.19398899864856e-08
Cyp2c40,4.58756649083684,6.49976074662604,109.457263110223,1.2885288856133202e-25,1.0299211382707299e-22
Dntt,1.72447730546074,1.2917721769298,12.3612667122048,0.0004383331884649,0.0119986204637001
Cbr2,-3.56937652970192,-2.57614644244601,4.90713197078029,0.0267460157657462,0.205558561553471
Cyp2c23,-2.1270534413728,6.63010480238191,5.75712517581748,0.0164219196295057,0.152806057739976
Pitx3,-8.03892970272028,0.830074813068952,44.2724316324078,2.8571162679472796e-11,4.96455007167448e-09
Alas2,-3.40848803224716,6.21566339735296,80.7588464402348,2.5501384792676603e-19,1.23534890089615e-16
Arhgef9,1.93199275439494,1.41574585684854,16.5897941135928,4.6400043527433e-05,0.0019468532698938
Nrp2,1.80873331665802,4.64575262015107,36.6522275631316,1.41197578597927e-09,1.89679369030795e-07
Serpine2,-3.35815764559312,3.11415872365107,33.3229989227782,7.8054051795521e-09,8.78712726762816e-07
Serpinb8,1.56149084423777,2.41714965223221,11.3111835099048,0.0007704165043008,0.0187742046307218
Rgs16,2.05356544322651,6.11508222926783,5.85443603675672,0.015537836225791,0.147674108148332
Prrx1,-2.19823346913087,-1.17048231470617,5.6674050031523,0.0172830043829188,0.157618840458106
Nek2,-1.63628673288954,1.36698777819981,21.7482959740473,3.10865859559425e-06,0.0001861236565886
Atf3,2.03566897243974,0.993037191703775,13.5439945882891,0.0002330358784226,0.0072618158917446
Lamb3,1.50116320969606,3.83386306476296,12.8302345219418,0.0003410630038754,0.0098173664904357
Fmo3,8.00521508426848,6.98498922695574,30.9156165424552,2.6949448542768e-08,2.70952128556409e-06
Pfkfb3,-2.36884361521425,3.54531525854185,14.9444441136573,0.000110723626316,0.0039992002235861
Il1rn,1.67781526214324,2.31966290100482,12.052560046121,0.0005172130092702,0.013666392010239
Lrp2,-2.7186869519837,1.32779658785861,6.55085510626722,0.0104833763892809,0.115022137926592
Knstrn,-1.87294273040966,-0.42521853191621,9.47041225231848,0.0020881244143339,0.0386799036935606
Adra1d,-5.60686265812896,-0.318321450317804,7.31211636853891,0.0068491215486776,0.0883696990130438
Usp50,2.24199834802944,0.393292989261718,19.9463800561702,7.96446038882543e-06,0.0004286864100194
Prom2,4.40522572164804,-0.0830065426734765,10.7250121979263,0.0010569697231952,0.0235987681494401
E2f1,-1.6914124481805,1.43632697781814,20.1235990556981,7.25953947456176e-06,0.000393393213696
Car1,-1.55417872964344,2.66964488950735,23.5697367072114,1.20467373782123e-06,7.92720108446743e-05
Car2,2.45807498711309,2.42973508497159,34.7570151733818,3.735302960622891e-09,4.49419705842314e-07
Hao2,9.07770676705109,4.9136740790111,54.0738433858224,1.93094687381991e-13,5.06034700407951e-11
Lrrc39,1.62304496393975,-0.441051968981164,8.26671996072258,0.0040378389655839,0.0617692762716022
Cyp2u1,-2.05527843651305,4.64929743508905,20.2302207143118,6.86596695762059e-06,0.0003784805096018
Ptgfr,2.75442355240809,-1.10730759673959,8.68185007105345,0.0032139456675095,0.0525338808188217
Ddah1,2.05494818764604,6.98467432501739,37.6695873318193,8.38009549890654e-10,1.17512461969754e-07
Atp6v0d2,2.86200887028719,2.74623078736544,25.2889133056855,4.93537392482735e-07,3.70407922827653e-05
Cyp4a14,2.50043867994456,10.6273762730769,6.96462685741854,0.008313676846406,0.100152553177579
Slc30a2,-2.68667948499119,-1.58824154206996,4.09420608986821,0.0430304342713686,0.268076587007833
Extl1,-1.60406893820729,4.06644530205775,18.0709839063258,2.12820078780119e-05,0.0009976868736348
Sult1e1,3.15245611653866,3.351412741875,9.40034639180412,0.0021694445175461,0.0397259336282844
C8b,-2.29779240733936,7.3442983609693,84.3156606750013,4.21761088982926e-20,2.36474680085374e-17
Gngt1,1.87535020728442,-1.2432664056221,4.4779583172053,0.0343347141473995,0.239056942665648
Asns,-4.25681809334202,1.89119740713209,23.3703806580546,1.33620227315053e-06,8.68314208885546e-05
Abcg2,-1.5507263852391,5.45876694810569,79.2991921144732,5.33815318585682e-19,2.43816333797449e-16
Nat8,-4.18042006850469,3.7690363707075,76.6818644034444,2.0083926047688e-18,8.44899057364052e-16
Lag3,-1.53177845123389,0.360382533424221,10.9786508458235,0.0009216750383931,0.0214467207623769
Erp27,-2.70257247322363,0.0604478742273256,16.994072447315,3.74966982253251e-05,0.0016200600481893
Slco1a4,2.58778967330652,6.52133832083357,34.9739082487176,3.3415310317550804e-09,4.07768817356005e-07
Caprin2,1.78850605711578,0.343797470145875,15.3990350631377,8.70327255651451e-05,0.0032878493949641
Clec2h,-3.97589282924778,0.727343073187624,6.66186534622229,0.0098497758431567,0.110886279315988
Cyp2b10,4.08675402315793,5.15996957138882,37.5754621040554,8.79438792349977e-10,1.22249639430493e-07
Entrep2,2.59587602619716,-1.14896943030084,9.76926353553927,0.0017745352146658,0.0341779758333108
Nox4,-2.3518832329958,4.46179290268511,67.2269688068037,2.41981208054617e-16,8.40937302600241e-14
2200002D01Rik,-2.0125310859914,2.76295778282812,30.5682184896714,3.22330793769552e-08,3.18072843777782e-06
Tmc5,-2.38115355279896,-0.349382915494058,5.59088140531879,0.0180542093061871,0.161966433912109
Acsm2,-2.65114316008177,2.3187871917808,9.94870324347372,0.0016096274115371,0.0319249426809339
Mki67,-1.5468596474297,0.15834250791662,6.57196133986488,0.0103597721532713,0.114214701822204
Serpina7,3.46536398087925,5.46716550008316,39.6335825063469,3.06369416285571e-10,4.57721634461789e-08
Col4a5,2.45905841383259,0.709546263220125,18.7305404704762,1.50551833177136e-05,0.0007451150480401
Morc4,2.24649738988077,1.20576128930833,44.1011353184327,3.11840020807993e-11,5.36029523939417e-09
Dkk4,-6.68312631648999,-1.5844769363315,24.5246558526894,7.33650012540814e-07,5.25506534687506e-05
Fgfr1,-1.79006798489971,2.67294824212787,21.6734548145284,3.23233391759978e-06,0.0001928063059953
Nudt7,-2.25771035799414,8.01312967039509,58.5746376933555,1.9572330196703e-14,5.68878673680898e-12
Pbx4,-3.68795445715868,-1.92864558413363,4.64434051774826,0.0311561061562773,0.225980722783235
Ces2d-ps,-1.86303881726752,2.60743515226635,7.53010583349366,0.0060676343017498,0.0823405789030332
Bmper,2.51781546778083,0.106601083681625,28.849619367698,7.82212711819924e-08,7.06466237918266e-06
Tmprss4,2.17931328035489,-0.837364534925948,9.09100680528479,0.0025686942849504,0.0447310967747469
Treh,-2.19923782092221,0.0829738951074215,16.8981638383991,3.94397156760919e-05,0.0016903037394048
Olfm2,-2.44423574035663,-0.0618266474993914,19.6481939283431,9.30912594996984e-06,0.0004911408826277
Fam81a,-1.91398663809752,0.493163702209198,13.9818298177607,0.0001845858826921,0.0060333426416882
Nt5e,2.5105835138297,5.16824305991305,35.4787164569252,2.57852716424417e-09,3.19537482539592e-07
Cspg5,-5.76548860171652,1.32823424975708,70.786313336686,3.98089225453491e-17,1.47996612979058e-14
Cyp2c38,3.05187973280542,6.66430296942563,44.6278823282353,2.3827412259102597e-11,4.18576936674742e-09
Abcc4,2.45164851720246,2.32792618271869,38.2826538548762,6.12042826696083e-10,8.81451948429151e-08
BC016579,-3.66689318539537,-2.7645269279397,5.36877936346438,0.0205003187689025,0.174410907844426
Igf2bp2,1.61663084276295,0.201734149620838,10.0058676577661,0.0015604225732191,0.0311811440693525
Gabrb3,-2.19088490083411,0.0345394110010634,19.3093436606769,1.11161043905914e-05,0.0005650453699859
Adra2a,4.79262522246585,-1.39195979449705,14.14941424951,0.0001688496676033,0.0056117064164398
Rnf225,2.238753001014,0.0661476041774259,11.0076164556928,0.0009073825473917,0.021206750588602
Dnah17,4.91816499940975,3.48021979802796,11.2010837358382,0.0008174957387895,0.0196489852857513
Kcnk1,-5.7800112193222,0.79287936972901,41.0719059148998,1.46730354999465e-10,2.39350148471576e-08
Gpc1,-2.20936761270583,3.68433096373114,16.3331198224367,5.31272667991134e-05,0.002172103547444
Brip1,-1.61672535859547,0.573718973245786,19.8515871179653,8.36932168697745e-06,0.0004489663640537
Slc41a2,-1.63521769325912,4.06691711462632,10.8424145770038,0.0009920129098481,0.0227522501819681
Ly6d,2.41671886583291,0.990257557261342,7.74217668168257,0.0053945735818883,0.076006813261574
Acot11,1.9322786261575,1.21867731739982,3.96995874126952,0.0463189073253674,0.278785411334083
Ncaph,-1.60876659438772,-1.30204146849958,4.8535525429086,0.027589253604731,0.209939973821398
Pygo1,3.55108862508677,-0.0125466693643695,24.9230203641881,5.96656887379496e-07,4.43635209379006e-05
C8a,-2.5482233735103,8.46760519030218,82.6643523966582,9.72391859840042e-20,4.85770508481341e-17
Wnk4,-2.05711712416781,1.68749959329532,27.3850259531614,1.66717192694686e-07,1.43105195859501e-05
Sgcg,5.70547158484684,-2.20887937936963,8.30200732361156,0.0039601283724288,0.0612842324894947
Ugt2b1,-1.6924030703299,8.61910711867408,62.3650639609311,2.8534045064231202e-15,8.94402439993726e-13
Cd276,-1.60176757398899,0.827277262865066,8.27913700923266,0.0040103184788814,0.0615840069196921
Acss3,2.33882476333437,3.06606276394876,24.427438284303,7.71618609871134e-07,5.46394717063247e-05
Adamtsl2,-1.89437295942193,2.38418826901339,24.5175687416525,7.36353457838116e-07,5.25506534687506e-05
Fam110c,2.46856376082486,0.0066456746877646,19.8384196694619,8.42717113792321e-06,0.0004505577184309
Klhl13,2.05440047202527,2.14866957977893,60.5106255383307,7.31823808142213e-15,2.20734630131347e-12
Abcc12,-2.50704359712217,-1.13321004703526,12.1526369319274,0.0004901851039984,0.0131478172357696
Scd1,1.83222016015077,11.8522711183082,6.51611819339155,0.0106901083838719,0.116486080335761
Ppp1r14a,-1.64133562845718,1.95034100098309,13.5487878916903,0.0002324414879819,0.0072574406774992
Mycn,-4.50008340855323,0.254117306122683,42.8568845184712,5.88944573911193e-11,9.80715412348367e-09
Prf1,1.8798972059857,-0.974708718049936,12.4930041151852,0.0004084788021526,0.0112974777356606
Aldh3b3,8.26430958120088,0.246893548468683,53.5201442165855,2.55954800608178e-13,6.46817376706838e-11
Vnn1,2.96541120037564,5.77058482959851,14.3223822974333,0.0001540226489839,0.0052155359898548
Cep85,1.97850536546193,4.82966614446336,6.81806363021212,0.0090240360106464,0.104762701282639
Smim3,1.67788495490256,-0.108351807397465,11.5975775482545,0.0006603778283791,0.0165726844026196
Hsd3b5,-8.53831115656645,6.39418023125012,74.6146964445978,5.72156897594631e-18,2.3452564525507104e-15
Crygn,-2.04929939890372,0.338603874844916,13.4792139836279,0.0002412208300945,0.0074659861912724
Gstp2,-4.43440103472572,6.01384326819781,94.7219797857491,2.1909290499182897e-22,1.5920087178178998e-19
Gask1a,2.20166849242496,1.7112626983038,13.1248282338404,0.0002914080731771,0.0086588279884951
Pcp4l1,3.11407474394098,5.35429042746075,35.8926178099876,2.0849718802146503e-09,2.66642883816891e-07
Egr1,3.50020627810488,4.77975468775314,14.3612446874418,0.0001508759138354,0.0051498914962899
Nos1ap,-1.65087176910025,0.875880295918409,24.3624987672508,7.98072504466407e-07,5.57117338707423e-05
Susd4,-4.91126628411524,4.8017796436599,63.5465776214299,1.5661947357636302e-15,5.10963041753415e-13
Capn8,-6.53899284989688,1.25448856872118,51.1673803820272,8.48163834315973e-13,1.96503580512683e-10
Slc35f1,-3.83848157305341,-2.40268666012551,9.44804737925835,0.0021137400876502,0.0389104849338458
Cyp3a16,9.95412280189495,5.93774206048597,127.138715825851,1.73232183895486e-29,2.76928969175323e-26
Elovl3,-5.71282852208466,6.664962969648,46.5471189742702,8.94416583069938e-12,1.6821345290536501e-09
Degs1l,-1.57835957882319,2.9873817952069,13.0264252951129,0.0003071262392984,0.0090603119308954
Plcl2,1.53431019680687,3.3615207320932,15.9343432750724,6.55779605907697e-05,0.0025820918177439
3930402G23Rik,2.38423142041675,0.0955398832926723,8.69670896336163,0.0031878509372227,0.0522585794623143
Tspyl5,-2.2561833905357,-1.03049630948761,10.1687243995546,0.0014284306898919,0.0293130847350609
Cyp7b1,-4.54924599797269,7.41244058807688,110.932559807409,6.12182410425089e-26,5.43686000725304e-23
Rsph4a,7.868493119674,-0.521819775574264,78.5190861642212,7.922904060663971e-19,3.4231228192912e-16
Rcan2,1.97363003980225,3.38331353030575,26.6139209770496,2.48447138344342e-07,2.01607916425007e-05
Etfbkmt,-1.52125635860402,4.54952709343544,17.7451463182671,2.52561033391434e-05,0.001166890369883
Sdr9c7,-1.7556354788904,6.28050271320316,22.0380667275455,2.67296305767252e-06,0.0001618560130301
Il7,1.96192859197505,-1.41932774634701,4.12740641113259,0.0421939709340184,0.266290098441065
Elapor1,1.53139510668592,0.643643274689048,10.8099859143148,0.001009540706335,0.0230515154659446
Igsf23,-5.11699738725738,2.19558235663199,12.0640647522999,0.0005140309096312,0.0136247841376242
Cyp2b13,11.0431434414773,7.26814162284919,67.1813454980053,2.4764635490760098e-16,8.42313750968704e-14
Abcb1a,2.39778022763787,3.30215019254201,30.1606234292203,3.97702694989654e-08,3.85313653460885e-06
Ildr2,2.09550225590152,5.67772167541451,28.250308082138,1.06597663885075e-07,9.31185931621211e-06
Cyp2b9,11.5066836854287,7.99381463997744,93.3279994828379,4.43079436212889e-22,2.95127827804135e-19
Dlk1,-3.68564277766351,-0.802356749817743,4.10034158956832,0.0428745504355961,0.267940798773823
Pla2g5,-4.88080944531413,-0.893298018744496,6.34004905127777,0.0118041617091567,0.124309175943728
Tox,2.67871019032426,2.19153680804869,56.4356597271534,5.80676725101203e-14,1.62854353113471e-11
B4galnt3,-1.64799926545722,0.412749156624833,10.7641724535211,0.0010348382439352,0.0233987611987956
Serpina3a,-3.683140854844,-1.54774664108256,8.19954351749026,0.0041900930580683,0.063131788526184
Serpina5,-3.59018804813724,-0.848168713021839,10.9236150158687,0.0009494615678812,0.0219227017807945
Serpina12,-2.94021975820647,4.9850591237652,15.8238629116983,6.95201871413664e-05,0.002710609052785
Slco1a1,-4.01673240720238,7.30521239473761,37.125577715533,1.10761297693279e-09,1.51335906403825e-07
Tmem45b,3.30310926951183,-0.446824628175669,12.1021970421423,0.0005036244626303,0.013395907919482
Gck,1.56394180854828,6.95343708588837,9.91058418701291,0.0016433094786016,0.0324016444429356
Gucy2c,1.9250064105554,1.89852604792456,6.80980620118504,0.0090658603583967,0.10501945194879
Id1,2.80854612609768,3.88056393535454,27.0346295803464,1.99842971173343e-07,1.67261242784139e-05
Bex2,-3.3695535875184,-2.44106988476199,4.6546826521658,0.0309689566337277,0.225031700339442
Nmnat2,2.81742145195735,-1.24564086790674,8.93018075645601,0.0028049658573762,0.0473997718773959
Mrap2,6.76286705715647,0.232722160527215,7.32789277311372,0.0067892603891535,0.0879104557183848
Trim72,-2.65777055226193,-0.671880618429244,10.015547529933,0.001552242630037,0.0311223326132563
Serpinb6b,-1.51109154482542,-0.0041312540232962,10.7499138916872,0.0010428417117387,0.0235132124172863
Greb1l,3.25538117609668,-0.922684265501029,10.6595920042047,0.0010950154488002,0.0241114558739947
Dpy19l3,-2.19741363108971,3.82204356405986,48.0698562277245,4.11301265073822e-12,8.21882752933765e-10
Gm8399,1.70661535675989,0.698299106966627,11.4368962417754,0.0007199995855656,0.0178448269377563
Snhg11,-2.87457708674671,2.88956768537355,14.7948000978788,0.0001198655657486,0.0042771672635216
P2ry4,1.78935415830779,2.77101906831499,15.1066235013792,0.0001016061644251,0.0037083930239734
Slc15a5,-2.19311809766415,1.39317400872028,16.8503632680791,4.04455874631459e-05,0.0017287785058445
Serpinb1a,3.0759570789984,4.43056897980211,22.4278219832188,2.18190370253277e-06,0.000136783970936
Defb1,4.55653656260504,-0.148436824972405,14.6920632192306,0.0001265782546383,0.0044278644211381
Ubtd2,1.51919283151644,-1.03443583537673,7.3689001279073,0.0066361510725437,0.0869553369226915
Nyap1,2.34895548887954,-1.1394403378149,10.7079898234283,0.0010667386457063,0.0237175020726875
Col27a1,-2.20029836144371,4.72925468552788,28.2900079475558,1.04433670995963e-07,9.22362798089211e-06
Chrm3,-2.87305987682918,0.346672566392687,35.7232466897876,2.27433850154502e-09,2.86280120359833e-07
Gldn,-5.87139830311096,-1.82603875437018,8.2819331414578,0.0040041476533143,0.0615483696018112
Scn4b,2.41152164396281,-1.08247924877258,3.97410345128037,0.0462050443746904,0.278418503384629
Ttc34,-3.006692103948,-1.37931373637719,7.60553061069419,0.0058189537661507,0.0801221317017099
Gprc5a,-2.42041585285672,1.20711327023133,11.663930230999,0.0006372357539536,0.0161953112284635
Pla2g4f,3.98025422791494,-1.78316255041741,7.18211682005528,0.0073633780941257,0.0923024866090495
Rnase2a,-6.02369564066959,-1.23383413503545,15.1931370163591,9.70555137833054e-05,0.0035998362954522
Sstr2,-3.32886730244183,-0.570980237002258,26.5415570164893,2.57929494355405e-07,2.07199040038467e-05
Ckap2l,-2.36551436333715,-1.93738295013637,4.73622941089967,0.0295337330951853,0.218880972303955
Omd,-2.71394545158408,0.189612262646131,19.8159772141619,8.52669583086148e-06,0.0004543591985071
Cxcr6,1.82615067408792,-0.799621748354018,7.92670130615797,0.0048710521017638,0.0707253759298795
Prss50,-2.34542544527758,-1.0088373510589,11.6407586986827,0.0006452228077787,0.0163722727065899
Bmyc,-2.21206858158158,1.04524758599846,13.8687666565179,0.0001960293036599,0.0063307564612296
Myef2l,-1.53019334894875,0.622566139308928,27.0724878286086,1.95967185624752e-07,1.64880601547226e-05
Sorl1,1.58529733370197,1.46299909454421,4.58228730421715,0.0323040664826144,0.230941863237917
Pls1,2.14400171381251,-0.268780333122857,5.86635402882543,0.0154329829464418,0.147054448605164
Nckap5,1.56249016574334,-1.01561031532784,7.22399568999543,0.0071935406598192,0.0911942434479544
Lrrc19,4.61265221465799,-2.03727726206716,7.91354160344783,0.0049066118534934,0.0710480951901684
Lrrc4,3.99712621822375,-2.42836808954003,7.48402563238097,0.0062248744292425,0.0836275744067002
Ces2b,-4.8743621699365,-1.31710859285783,9.77288012926584,0.0017710480097275,0.0341519583636957
Evc2,1.84489348105231,0.449462891531153,6.75738110832689,0.009336067999035,0.107294308434633
Septin6,1.77685027718224,0.0279794256413498,13.9814049294939,0.0001846276019391,0.0060333426416882
Ppp1r3g,1.98330012492545,3.1128250664464,6.46178017842897,0.0110219170019046,0.118810765470295
Mmp13,-2.29573395448837,-2.00626524009531,3.85938168253988,0.0494685557353851,0.287698456054723
Tceal8,2.40988400081984,3.02530815373323,31.1944676109926,2.33430388044275e-08,2.42312869043882e-06
Cd209f,-2.58954584226951,-1.34223673110871,5.89405228411316,0.0151921025957669,0.145590254924781
Pard3b,-1.5900496501717,2.011406975615,24.40420391769,7.80980848434218e-07,5.49989420399533e-05
Akr1b7,3.67976814224169,0.502713555925986,8.98445369021096,0.0027228618293739,0.0462077167774642
Cx3cr1,-1.70696463465999,-0.332325587883764,9.01158586649358,0.0026827354246523,0.0458044910392582
Junb,1.51171975764009,5.25822779891853,10.6849531330686,0.0010801047093648,0.0239480636392607
Slc22a26,7.63119089886859,5.8924353438213,84.282080846767,4.2898572015988e-20,2.36474680085374e-17
Nebl,1.99064323305515,0.125340681601467,9.67387969369894,0.0018690620492051,0.0355277359317393
Sh2d4a,2.50746856943646,1.77183688033609,28.2756328020973,1.05212111723358e-07,9.24132317587696e-06
Zfp14,-2.55766879760764,-0.613750944267872,6.74049909941369,0.0094248253715949,0.107772001709812
Cyp3a44,7.64500779894631,7.52381591399952,90.2740911357356,2.0735012858838e-21,1.3258796622455399e-18
Sytl5,4.71111158415161,-1.61908433284073,17.1368830330822,3.47802973785208e-05,0.001519119764735
Mtnr1a,-1.83096402216023,0.755712813794576,17.145314504115,3.46262507678744e-05,0.0015165349171924
Kbtbd13,3.51482939118682,-1.41043370193804,10.1629862831468,0.0014328833567268,0.0293667606931215
Spink6,-3.38819375817531,-2.34100671438622,4.25462311062077,0.0391436329663695,0.256269377219916
Tead1,1.71714438135594,2.96694426687545,25.9059369786749,3.5846495814358e-07,2.76831923714168e-05
Abcd2,3.38185406565946,5.46744120749405,36.4492990735198,1.56689466380147e-09,2.08736484129419e-07
Gm5160,2.90666712821863,1.1413491282092,3.90191102679458,0.0482312156020927,0.284091456379902
S100a9,1.51586416026676,0.0614515741235923,4.28549186734038,0.0384389590773946,0.253709826511656
Ms4a4b,2.37499077212032,-1.2657643761227,11.2702315151056,0.0007875990565516,0.019076603815204
Med12l,1.61475474637714,0.253122994787436,5.50636270862186,0.018947410772583,0.167181657288286
Kdm5d,-7.55437653751245,2.78991431308535,414.523601157666,3.7972367806754e-92,2.02342090586256e-88
Saa2,-3.43025784942805,5.02272982326838,10.3646860391203,0.0012844874206321,0.0271611321510911
Lepr,3.3833173904729,2.50760181957543,23.196116865659,1.46292430886922e-06,9.41852339656046e-05
Prtn3,-2.66832421527286,-0.705912324374984,4.4096501296175,0.0357361697965336,0.244136072806575
Serpina9,-4.4177740058372,0.213735838478013,17.7964461361856,2.4584200565233e-05,0.0011391392180748
Mup5,-1.81641576994409,4.90265261172913,8.1656809199073,0.0042690443736363,0.064079759020611
Cyp2d41-ps,-3.37152844488596,0.440867662048736,34.2926572590828,4.74167400681287e-09,5.53287596152632e-07
Rad51b,4.65942961610896,2.19703031078109,53.2560217140428,2.92788563346562e-13,7.091693899482019e-11
Gm12715,1.51297761706899,4.8520996751704,36.3541063640176,1.6453219038554e-09,2.173728591325e-07
Klk1b22,-5.82099390758225,-2.09346451241342,5.22984176751937,0.0222025521490916,0.182953607554319
Zfp941,1.76210579688441,-0.569067174177666,11.0517758428227,0.0008860229097587,0.02076827307244
Zfp937,1.55760561840349,-0.666549868145218,8.25585931190458,0.0040620674555366,0.0620805070212318
Ces4a,-4.79944712410334,-0.111396036442141,28.328183341981,1.02394302664162e-07,9.14455487368325e-06
Plaat3,1.62340680221238,2.43117035839966,19.1692551920691,1.19624656250071e-05,0.0006032554431588
Gstp1,-4.19204758072172,9.67259782712952,130.636920441626,2.9730153764904e-30,5.28073597873061e-27
Sfmbt2,1.71313012723731,-0.858960909182589,4.65873519881859,0.0308959424618093,0.224763728389641
H2-K1,2.22346657466975,9.3927630913636,9.65352491419713,0.0018898858847997,0.0357535097685318
Nuggc,-6.55448674570562,0.88233662983088,49.8001897196575,1.70227502432669e-12,3.67737412687656e-10
Orm2,-1.53275434718337,4.41118238242554,6.37074255474981,0.0116017039230197,0.123068904388449
Ces2c,-1.89252363180685,4.54811587974979,13.3228355562612,0.000262193384383,0.0079383019749013
Zfp13,1.83528789691486,0.0995592962771114,20.1272239717266,7.24579405140462e-06,0.000393393213696
Obp2a,-10.4733960927175,5.23179783569363,39.6572914141032,3.0267257817905103e-10,4.5646451271418e-08
Fmr1nb,-7.12375339655637,-1.91388642835567,5.52010690088996,0.0187991099481057,0.166218236521249
Ces3b,-1.77710890929054,8.2909379835288,33.2678948886033,8.02974233217592e-09,8.97646579875275e-07
Cyp2c67,-1.52420193378601,7.7630288295262,35.9737513961365,1.9999359446155703e-09,2.57830451698585e-07
Actg1,1.65397435248229,6.66130825713583,42.3968119408627,7.4511396839292e-11,1.22797854626074e-08
Zfp993,-1.65411182395346,-1.06303040289542,5.48474994495174,0.0191830636445045,0.168033126258109
Zfp947,2.09119023923653,-0.659322231221221,13.7222695231965,0.0002119266334515,0.0067353064857989
Plppr1,2.68920681665662,-0.95347833508987,15.6911208478936,7.45734278898766e-05,0.0028865152984202
Sema3e,-2.10138305309839,-0.393101188131714,6.42845982013106,0.0112305923483744,0.12039706893295
Jazf1,2.45962043033523,-0.860080049363019,12.5911105697151,0.0003875857724011,0.0108320737021066
Hsd3b2,-2.23031635331117,4.83063093001326,51.6222772012304,6.72738958831744e-13,1.60513507401258e-10
Gm10136,-1.70029813237587,2.87986686634906,11.3902654734834,0.0007382997870516,0.0181947484848151
Rps6-ps1,-1.70105000297965,0.59743045370377,4.73304420129358,0.0295884714196762,0.219185034344274
Chi3l1,3.31346311744116,-0.126515717061256,12.910019405985,0.0003268279045723,0.0095167047039966
Cyp4a12a,-8.64624227311781,7.92483274098774,120.736972173153,4.36308936534006e-28,5.3652574303327905e-25
Cyp4a10,1.62686234794352,10.3342138332652,6.31785672636103,0.0119528015999822,0.12541429084811
Mup21,-6.95415693918579,7.11177398230675,110.261568847866,8.58774821116476e-26,7.22546015282526e-23
Mup3,-2.98081526108906,11.582721348148,53.9447176279614,2.06210669098319e-13,5.316909284202789e-11
Serpina3c,-4.12784334400003,6.07410548015359,6.56404596595834,0.0104059508131681,0.114402761121005
Slc22a7,-1.55593178854944,5.71782090895516,11.3235888534165,0.0007652866214888,0.0186776670704129
Nipal1,1.86876990694428,3.19605296494157,5.63331450564471,0.0176222802245595,0.159428280514889
Pcna-ps2,1.5850004584698,0.955600941991248,5.39943384898044,0.0201432847094257,0.173030923893003
Slc22a27,6.35938232569287,3.6486927953905,120.248263945635,5.581904956511409e-28,6.373738045342241e-25
Cyp2d9,-4.62832482822887,9.76834955362464,103.275384964313,2.91654567353511e-24,2.22018567319677e-21
Cenpm,1.62203172747095,0.863082845850079,10.6773274136,0.0010845664288267,0.0239858489630146
Uty,-10.36517689656,1.97253834384688,278.8949156175,1.3074191490068098e-62,5.22510062900571e-59
Sort1,-1.53335231713338,3.62143327701388,13.9291004685738,0.000189836545644,0.0061556328979022
Selenbp2,-5.70796114644467,8.25749072829517,37.4184951335749,9.53139624734389e-10,1.31352500353482e-07
Ddx3y,-10.4071421077631,4.89777764609589,804.050717250078,7.10174443487403e-177,5.67642432679481e-173
Eif2s3y,-9.29972680397649,4.52978685486365,1067.57474943338,3.6848830538141e-234,5.89065404982721e-230
Sult3a1,12.513777789635,5.66211285490086,120.89898737248,4.02092891689217e-28,5.35654747211986e-25
Zfp125,-1.73657415805572,-0.208883727256408,9.07828872055322,0.0025866198335561,0.044896530574624
Ces3a,-1.83479321344157,10.3208580704186,36.0026960882104,1.9704469945035e-09,2.56094029708398e-07
Ccnd1,3.28282430066409,4.89201010072087,34.4488170060567,4.37608677965272e-09,5.20588841623293e-07
Prok1,-2.54030530368613,1.34255308203662,9.06340149687303,0.0026077640782341,0.0450678016807043
Cyp3a57,5.1478112709276,-1.33003643750552,15.6459346636784,7.63765892631457e-05,0.0029491694588421
Sult2a6,10.6330999507271,3.9756845354573,46.7754236994754,7.960547631355729e-12,1.5149680289863401e-09
Sult2a2,12.1897092856948,6.36020804363444,277.977131636954,2.07214342993523e-62,6.62505697418891e-59
Gm10327,3.27777154103947,0.158986175441052,35.8433233797212,2.13839574382122e-09,2.71304717148619e-07
Rps15-ps2,-2.75668327210001,-1.3854791477055,9.63023974994845,0.0019139962257989,0.0361241365591766
Rnls,1.70072536660074,-1.05255248869152,11.1359955989607,0.0008466847372999,0.0201115931805011
Nalf2,-5.58045577051986,0.0136220260147402,8.57772485632461,0.0034030031097945,0.0544548625757509
Gspt2,2.89930527921192,0.472189594266333,15.2165797139025,9.58581220291466e-05,0.0035636928808324
Trim6,1.56055721708888,0.116220855076559,7.18431635531329,0.0073543568615561,0.0923024866090495
Lratd2,1.86177170900194,3.3514367839566,28.9014629671024,7.61553721346532e-08,6.91715783491231e-06
Gm10419,-5.21601147530656,-1.96370471315416,15.6171298631544,7.75488773166872e-05,0.0029872201271917
Serpina1e,-5.5188454927269,11.1395121973541,31.0141000363874,2.56160736633476e-08,2.59176299735617e-06
Bhlhb9,3.83958910197322,1.19619816589511,45.0595066888462,1.91137107727448e-11,3.3950197823677503e-09
Mup14,-3.44148344008028,11.3391505858301,46.1811299256105,1.07810348549387e-11,2.00401887431454e-09
Mup11,-3.82348756640163,11.4655713643474,63.469018530363,1.62908945864669e-15,5.20852481718521e-13
Mup7,-6.02912990411467,12.4813289079589,84.7307361728516,3.41894018052233e-20,2.02426584169741e-17
Ccl27a,-1.8685846451546,1.91762381817408,4.2468159266931,0.0393239935732092,0.256899616371607
Saa1,-2.50242258949577,6.41301035382491,6.50537087141345,0.010754912934986,0.116798942473431
Cib3,-2.53382393044035,-0.635280011407057,4.19992816325214,0.0404256918083136,0.260793022295279
Cyp2a4,8.51329629043365,8.54001093747207,71.8514718945396,2.3202039110007502e-17,8.831138028870951e-15
Tnfaip8l3,1.97503487847327,-0.494263273346161,4.72443277660079,0.0297369898777135,0.21987766891079
Sult2a3,7.04657788765355,4.04813809419021,29.8673814803383,4.62630771366845e-08,4.37610385270437e-06
Sult2a4,4.73907737397641,-1.25828106061946,10.2482661916766,0.0013681312835396,0.0285894728087119
Zfp872,-1.79389655248944,-1.12283791303665,5.56278348950008,0.0183462220414482,0.163669272508413
Rdh16f2,2.60733083186661,7.23083773390459,26.6656856339056,2.41879167829918e-07,1.9727961106781e-05
Ism1,-3.42935138265561,-1.55921869549976,10.2900334287339,0.00133750666601,0.0281333967932069
Slc22a29,3.56912482997592,1.90273939515589,28.3043482721102,1.03662866341521e-07,9.20641434075307e-06
Cyp3a41a,11.4081152070193,8.53647417761758,157.725151843655,3.55383189722972e-36,8.115936672730619e-33
Cyp3a41b,10.7484497452862,8.37717974250518,112.276471348951,3.1080227777177597e-26,3.10530325778726e-23
Dio3,1.56292388836449,-1.49377026333936,3.91944838716001,0.0477305390701287,0.283043902880375
Igkv8-16,5.59393288855039,-2.55062823148185,7.62703425480775,0.0057499776650285,0.0796526368744774
Ighg3,2.50582689161221,-1.13162589057863,4.65257597238109,0.0310069834500037,0.225108568512824
Klhdc7a,-1.55842464897542,5.51016229237126,18.459431587576,1.73559737735231e-05,0.0008458920632425
Raet1d,1.59110792321346,3.71393779228333,8.05533494149715,0.0045369854557009,0.0670936628074333
Ccdc24,-1.67129378855803,-0.763729172336219,10.7221494348238,0.0010586062744818,0.0236023429621584
Cyp4a12b,-8.94369463640891,5.50533515274377,125.370284917283,4.22312267723647e-29,6.13734901075474e-26
Mup20,-7.14038601343506,9.5774323921205,78.5306193047008,7.87678296855762e-19,3.4231228192912e-16
Mup19,-3.50729023641566,11.5225470565613,47.9380540563584,4.39900187402409e-12,8.68178320470976e-10
Mup18,-3.09772342722901,11.1913154166899,38.4653933981006,5.57332435951415e-10,8.17386818451314e-08
Mup16,-3.05918093789607,10.4666827395071,37.6949537995793,8.27182665083721e-10,1.17020726407331e-07
Mup10,-2.28518136796475,11.9897222292334,28.7105440352418,8.40448870426968e-08,7.54798631609298e-06
Mup1,-4.45499892027086,12.0829139680547,50.7650518321559,1.04111086710374e-12,2.34411243965076e-10
Mup9,-3.30892400215637,12.4444432736986,26.4062686262932,2.76641218580567e-07,2.21119326011447e-05
Mup8,-3.56408635413252,10.8432835800872,50.9881273465291,9.29263408195281e-13,2.12217212048711e-10
Mup2,-3.28865041376604,11.4649778135915,43.7140696620643,3.80029845233463e-11,6.3949022167390905e-09
Sult2a1,9.9597746726907,7.08993232114583,82.7092599624282,9.505490253657981e-20,4.85770508481341e-17
Sult2a5,10.6511562207545,4.43690971629951,93.8600070838941,3.38647884498136e-22,2.35375003547269e-19
Xirp1,-3.09752784115075,-0.528597674480507,5.49243911450525,0.019098880302676,0.167939879273145
Slco1a8,-1.87904754963808,-1.93718642511802,4.54480624281303,0.0330187588744246,0.233659973159164
Nat8f5,-4.68030353364185,1.22543988824996,55.2314518498292,1.0714056852748e-13,2.8627112799824098e-11
Nat8f6,-2.97984166382127,-0.358755301915881,10.5616358127975,0.0011545897438983,0.0251157340547531
Zfp36l1-ps,-1.62265427577111,-1.22492340319528,6.07487610715271,0.0137117917553688,0.136401184194975
Mup-ps17,-3.83056946523132,5.10328605257108,25.9849331722992,3.4409231498362e-07,2.69640183692557e-05
Gm15653,1.621334429716,-0.661328106504181,5.7707769039921,0.0162948292422587,0.1518887115258
Mup-ps10,1.6612596326236,2.1139206207167,5.38772293209036,0.0202789168810153,0.173915646598665
Sult2a-ps1,7.23221240166252,-1.19088268858366,34.3164811755782,4.683983094703531e-09,5.50574659940666e-07
Mup-ps19,-6.48796171865847,7.36855098053236,31.1450358164405,2.39450935490939e-08,2.46888258895369e-06
Cyp4a30-ps,-6.52627762785862,-2.03843500362374,15.4197033665514,8.6086003146157e-05,0.0032688143617445
Mup-ps1,-1.86210749880662,-1.16763766238163,4.1051646041134,0.0427524296452008,0.267596061201324
Gm13226,-1.69463407170816,0.137873420146736,5.02725024730458,0.024951483103054,0.196780665459014
Gm11702,-6.65774396215715,-1.22313582146744,14.7070705285479,0.0001255745835539,0.0044216636402941
Mup-ps20,-3.39129604898471,-2.64947459871486,4.59258445645135,0.032110560717509,0.230291352009914
C230037L18Rik,-2.01249607031668,-0.629145899823981,19.0327451291678,1.28494398781028e-05,0.0006419098309104
Gm15611,-2.25365577890642,0.943259489064896,9.31372591377973,0.0022744348388822,0.0409911108617486
Gm15962,-2.43559724884401,1.8820855417756,29.2083716242642,6.4997763414869e-08,6.00609390722599e-06
BC021767,-2.42691482214525,-0.536972194068655,14.2213661697234,0.0001625147563271,0.0054350646331514
Gm12977,-1.75752265216859,-0.813102568479267,18.2134686019473,1.97477391943328e-05,0.0009367577411293
B430219N15Rik,-2.47230881325581,-0.636406078392259,14.0591588832609,0.0001771490018567,0.0058389772034694
Gm13166,-2.51629965096673,-1.7574956402821,6.08598106407673,0.0136258681793339,0.135884671687356
Gm11695,2.31730247228012,-0.189913293180303,6.57338418891301,0.0103514934914099,0.114214701822204
Gm16063,-3.4863544684944,-0.638496768302169,21.3377746653734,3.85068513523905e-06,0.0002254837090546
Tsix,2.98468861014384,-0.560106027893842,19.6165995000866,9.46433539176886e-06,0.0004976870578053
Gm16731,-1.57588164417654,-0.437214568973419,8.20171887683737,0.0041850722569044,0.063131788526184
Gm12718,-5.0431283489724,0.898452461400295,22.2040927310044,2.45150661518013e-06,0.0001495793311078
Gm11454,-2.97001462311493,-2.04466572927289,5.62025908338493,0.0177540241651429,0.160166947124139
Gm13773,-3.06796680297149,-0.509864733594235,24.808518519447,6.33170326289247e-07,4.64305542938527e-05
Gm15564,-2.05598195047062,6.65846724583443,26.324767558617,2.88564290327548e-07,2.29501927620705e-05
4933421A08Rik,2.19790194432858,-0.604073261424113,19.306259709512,1.11340730355035e-05,0.0005650453699859
Gm13522,-1.57275399272804,-0.277083562631596,6.41340330094377,0.0113262125101728,0.120868379965035
Xist,10.651792790402,6.85204035650476,262.811687198991,4.18454168234823e-59,1.11490138890031e-55
Gm15408,1.86187743470843,1.75190441464493,16.1428742242443,5.87391413227407e-05,0.0023475097829633
2810408I11Rik,-3.40913809583196,-0.910813092857067,17.3781921234204,3.06320539434954e-05,0.001373558127452
Hectd2os,1.53531578141405,3.43198242071418,11.0963327536114,0.000864985982735,0.020485430992596
A230005M16Rik,-2.27109467726803,-0.530030029086759,6.50537081823217,0.0107549132566552,0.116798942473431
Gm13855,1.98396438260233,-0.572462775975573,8.85772558863722,0.0029185099674968,0.0490071854107052
Nat8f7,3.53797470174623,1.92403992797498,15.1310516471125,0.0001002999015205,0.0036859637372598
Rdh1,1.97653023336226,-0.937487839468433,7.31725102640085,0.0068295799281302,0.0881887437246285
Mup13,-2.89299396245333,10.6465060009937,40.6301308117136,1.83948203144867e-10,2.94059597547384e-08
Ugt1a5,3.03754676817428,4.76853513858476,40.97829756169,1.53929050911487e-10,2.485565462496e-08
Sult3a2,14.0614323871301,3.6093550622776,80.3540644607111,3.12987242910923e-19,1.47159237211001e-16
Gypc,1.69524362873245,3.7923535149806,45.5455913612588,1.4912695846988197e-11,2.70902677056765e-09
Gm8893,-1.82033634135395,9.751020849997,6.70824494642136,0.0095968130870117,0.109036712159894
Gm17300,-1.69909169625832,-1.12062421645087,6.91938231828154,0.0085266422946653,0.101658849275256
5330438I03Rik,2.15155803790516,0.122715532368993,17.2694536991473,3.24359482372764e-05,0.0014403363014475
C2cd4d,-2.46363874650723,0.504992804280953,31.1331077306685,2.40926863428485e-08,2.46888258895369e-06
Cyp2a22,3.53797664149308,6.76786535552764,34.4398406559325,4.3963151269326e-09,5.20588841623293e-07
Cyp2c69,3.93270503955786,6.56924348199842,31.0248657181091,2.54743834799485e-08,2.59176299735617e-06
Serpina4-ps1,-4.73844663674794,4.56845615593041,14.6920128555723,0.0001265816364606,0.0044278644211381
Fam177a2,1.5283261538195,0.575230104614904,20.3189898679269,6.55468011484019e-06,0.0003638302649855
Vmn2r20,-3.43547027180804,-0.110433183079604,31.7896902640144,1.71802273379702e-08,1.81882857102511e-06
Sult2a7,3.52417822937901,4.60357437610291,27.1644420590696,1.86864058323892e-07,1.58053377585489e-05
Rpl31-ps14,-2.03972972411184,0.127660873282305,4.76152139592412,0.0291028128479253,0.217096391127827
Mup-ps6,-3.54845615455593,-1.59829673063867,9.14296058548504,0.0024967677556838,0.0439090531819158
Gm21451,-1.55302544554481,-1.40450687974469,4.50146240504063,0.0338658790977283,0.236821929186211
A630076J17Rik,-3.31336654027415,-1.39132379516744,9.75218680119052,0.0017910952377209,0.0343726872391439
Mup-ps7,-2.56315404360534,-1.45062312752572,5.25621838136459,0.0218684855089012,0.181416507184896
Mup12,-4.74723958733397,12.0681767827511,49.9703975133507,1.5608305997270099e-12,3.41800520099124e-10
E030018B13Rik,-4.14448752849346,-0.714497608824158,4.42371324387151,0.0354428274810633,0.243168935186252
Hsd3b4,-4.57415058921519,-1.69796440715933,9.17826132782812,0.0024490656709525,0.0432605125036987
G530011O06Riky,2.65633880690753,-1.84543207625511,4.47004374117344,0.0344941085823663,0.239644858669147
Hsd3b8,-4.27386354470715,-1.62963769299178,7.88333772888033,0.0049892314482603,0.0719187140954826
Fmo6,3.52594113473731,-1.02542940671906,4.69515716621437,0.0302477324839933,0.222317357006491
Mup15,-4.80203100707569,11.8901601162982,59.4710705673067,1.24105164311461e-14,3.67397251237595e-12
Mup17,-3.49301823710807,11.6750401374813,30.032918740681,4.24773743373256e-08,4.04192444140766e-06
Cyp2d12,-2.248194599326,1.00335529019676,11.0594152601607,0.0008823796723069,0.020713247344346
Mup-ps8,-4.3836814178821,0.139182795181806,26.0473210791187,3.33150787093855e-07,2.63650914974375e-05
Pvt1,-2.22581224310985,-0.348699748559415,17.1162285732879,3.51605802153124e-05,0.0015315450553732
9430037G07Rik,-2.46482123608144,0.157297410532462,19.4218236367341,1.04802604610513e-05,0.0005404433668721
Gm17276,-2.34751136986451,-1.45523698681539,11.680773705453,0.0006314926712961,0.016074907393854
1700028E10Rik,-1.87476243893254,2.30556808681133,27.2114302968612,1.82377260111571e-07,1.55078876603382e-05
A530083I20Rik,-2.91942401837603,-1.46600018015197,7.0750697426113,0.0078163779271883,0.0955295241162336
Mirg,-4.71231236823642,-1.77868384447456,13.3290021994382,0.0002613325413164,0.0079272523823249
Rian,-4.04017912820224,1.73803752895222,20.6748631925731,5.44258268991104e-06,0.0003129680823054
Gm2093,-3.44370683571705,-1.68494270861515,5.84228062943981,0.0156455344827263,0.14834490761617
C330002G04Rik,-3.36032667522933,-1.53110442582162,5.72175913255629,0.0167559345098392,0.154832583279936
Gm27000,-3.99661120096506,-1.3452510114859,16.276895107183,5.47272140381833e-05,0.0022148588445934
Gtpbp4-ps1,-5.43309147677193,-0.51400300655205,24.8170728542593,6.30366644659697e-07,4.64305542938527e-05
Gtpbp4-ps4,-8.39209494071375,-1.67293151013167,30.0646990632869,4.1786906143387e-08,4.02412940727822e-06
Gm17767,-2.23132177551709,-1.29473416105286,23.5799883185169,1.19827253215916e-06,7.92720108446743e-05
Gm29650,-6.69185102653827,-1.17776292993323,48.8483011320928,2.76544857620314e-12,5.74135856353031e-10
Zbed4-ps2,6.72897791301824,-1.80426015579224,25.9687348919124,3.46991589332223e-07,2.70585734003167e-05
1810053B23Rik,3.31377156618921,0.355369895062611,16.5453715142826,4.74997826192213e-05,0.0019825888379918
Tmem167-ps1,4.50580754993933,-2.03891994327963,9.91581492312917,0.0016386456543908,0.0324016444429356
Kat6b-ps2,7.5459361623993,-1.67571542308504,26.7551361917075,2.30937088493305e-07,1.90296922507937e-05
Rpl7a-ps10,-3.206363741155,-1.3441007650657,10.1889600621189,0.0014128397223752,0.029142781679858
Zbed4-ps1,8.07806208475702,0.409916539908211,32.6394804247433,1.10938223629675e-08,1.21469756366027e-06
C730036E19Rik,-1.83391414209878,3.17188327447612,11.2350142175517,0.0008026849120274,0.0193832643559989
Gm7694,-1.66768925080407,2.77380113023801,23.8075037656665,1.06466600689615e-06,7.21175880772962e-05
Gm37273,7.40879328893731,-0.995295682144574,48.2764887422422,3.70163943008012e-12,7.49043138345074e-10
Gstp-ps,-4.29718767164885,8.01702203032669,116.54384331551,3.61303081817684e-27,3.85052737729166e-24
Gm37416,-2.21827513747393,0.084076526347472,4.04070969032806,0.0444151399996179,0.272770045345329
Gm31121,-7.0517437256569,-1.38256819462713,25.2454163736418,5.04793923704779e-07,3.77085778707691e-05
Gm42944,-2.01122453132891,-0.580399901313868,15.1527976640084,9.91512863851578e-05,0.0036690566299841
Gm43444,1.54062026329663,1.83806334731043,7.05235974387033,0.007916089959107,0.0963797517793493
Gm42427,-2.06280638804341,2.18704958684571,4.95167563587842,0.0260653935713703,0.20158750925589
Rpl21-ps10,-2.44058607956989,0.702519033262411,9.13668313943624,0.0025053487440369,0.044011543980411
Gm43305,-4.14379254771868,2.02871849573922,7.63402621228371,0.0057277300639431,0.0794358065138044
Mir703,1.55555243852302,1.50274664955576,5.73491935095202,0.0166308317574887,0.153943530095665
Tmem217rt,-4.6614133668077,-1.88699870108145,18.0673502919623,2.13226625177947e-05,0.0009976868736348
Cyp3a63-ps,8.2013091039955,0.146543049714782,44.0105445382287,3.2661160598819295e-11,5.55448205673113e-09
Gm6135,3.16260451062072,2.16551571151841,30.5202278656229,3.30403502175493e-08,3.24038673974076e-06
Gm43449,1.96501953060389,-1.0767268106135,6.62474661496361,0.0100571449370198,0.112193662919189
Gm43637,2.08767123556287,-2.0590775348504,4.02625654643269,0.0447972374394802,0.273846997712426
Gm44117,-1.90362525429387,0.021816068984784,18.1869470834162,2.00246557502036e-05,0.0009442895186511
Gm29920,8.71074380067717,-0.559283272756221,53.4833294472167,2.60796524700489e-13,6.46817376706838e-11
Gm42375,7.45728292615377,0.537558043878241,86.1815876483239,1.6414890323478e-20,1.00926321811969e-17
Rpl15-ps5,-2.99789722728874,-1.71300092558318,4.18067655321662,0.0408873755793598,0.261554856347197
Cyp2a21-ps,2.56252738043338,3.05894604323477,8.62000151136186,0.0033249156953357,0.0535807482919736
Gm44662,3.28688098421814,4.04835642717381,11.6913139057869,0.0006279254208093,0.0160351689729361
Gm45225,7.05663067112384,0.662346335668619,38.3809486791964,5.81977751454265e-10,8.45772394067989e-08
Gm40457,6.05783083021371,-1.79988963033515,15.4446904832863,8.49552792371091e-05,0.0032335597473438
Gm45792,-2.44005883868362,1.14726931628712,19.0642770283072,1.26388666962724e-05,0.0006333696645975
Gm45104,1.74809952335677,-1.57198659032781,4.55119679339375,0.0328957454939737,0.232995741013143
B930025P03Rik,1.55648216532373,1.71802980760375,4.63579949528423,0.0313115522389162,0.226661581749838
Gm31105,-2.92494066009891,-0.997268937732857,13.360780864103,0.0002569413016649,0.0078536589835858
Gm45253,-1.81519317709257,-0.60804531838233,9.1263284792172,0.0025195685619377,0.0441642796394039
Gm45548,1.56325793478172,-1.6004862213161,4.43562699506909,0.0351962898123963,0.242207442505797
Gm30931,-2.00791335516185,0.267582800252064,35.5721961657496,2.4577055556984903e-09,3.06944382917157e-07
Gm38416,-4.25894198119494,0.883603899185559,29.4567949347607,5.71772208698444e-08,5.31415728386821e-06
Gm45301,-2.19703949945537,-1.95382345654852,3.8931171382593,0.0484843570994602,0.284838768904133
Mup22,-2.34349090723944,12.1591927515095,32.8917634742215,9.74352072662395e-09,1.08166612733202e-06
Gm45724,-1.90866455126791,2.17928512442422,30.0336413797,4.24615477896158e-08,4.04192444140766e-06
Gm4316,-3.63485404307459,-0.217743308670276,10.366745411258,0.0012830553689078,0.0271611321510911
Gm39157,-1.55897026949761,-0.642753197219258,9.30347556606267,0.002287195409296,0.0411618654154296
Gm45875,-4.91784467372261,-1.95396409502373,20.1288883373411,7.23949165033606e-06,0.000393393213696
BC049987,-2.11052133357741,1.56971651951608,7.16597381688783,0.0074299344857992,0.0927929161640527
Gm33699,2.0669327273502,-1.74663188914274,5.53404065091852,0.018649987538911,0.165357016526362
Gm47140,-1.57701986272588,-0.904447782253517,7.77652705910006,0.0052929454400099,0.0748646146379528
Gsta13,-2.35052542843945,2.84569877104847,6.75366515658865,0.0093555308973488,0.107363615883
Gm30906,1.57173994669284,-1.2739047432868,3.90053516697913,0.0482707289694112,0.284114828168265
Gm34921,2.01269658991871,-1.05458938895514,5.66727981068983,0.0172842379158676,0.157618840458106
Gm47935,8.75304092956607,-2.02785058394608,31.8863293963221,1.63463557687491e-08,1.74208562212815e-06
Gm47761,1.89901923706883,-0.701664973387238,5.50516771203645,0.0189603618581048,0.167181657288286
Gm35696,-3.90912614144277,1.77860880556374,19.1083500221656,1.23503366466042e-05,0.0006208568604799
Gm40787,-2.95442065176288,0.77541759525117,20.3284117516548,6.52248341957731e-06,0.0003633045991127
4930459C07Rik,4.71287359779395,-1.72645965355955,12.2762702674239,0.000458754292796,0.0124510120961582
Gm32872,-1.76736318184226,-0.0327251538355416,6.22783328957775,0.0125757520963206,0.128951874927377
Gm7086,4.65248754137941,-1.41102966549981,7.34930860749576,0.0067088551588454,0.0874605248651037
Gm48199,-2.86368952727048,0.675238206645562,5.40282603949908,0.0201041729277462,0.172971537229238
Dio3os,1.55558114407254,1.32267324584425,5.61084768038184,0.0178496261292228,0.160576321497893
Gm47451,-1.57443697828144,-0.0331978058844779,4.0596188431704,0.0439204119486918,0.271433277443827
Gm30551,-5.04777587237614,-0.754031922718379,20.6521781418346,5.50744967749815e-06,0.0003155630485465
4930455J16Rik,-3.94633502387399,-2.00029474813567,15.8300760801691,6.92922884911325e-05,0.0027083289090935
Gm33447,1.70374765563685,-0.590374749527745,7.78834300572766,0.0052584400163139,0.0747877420825581
Gm30177,1.61932909378588,0.553855677887241,10.9238649402763,0.0009493334903158,0.0219227017807945
Gm40923,-2.56222605290268,-2.45130326567854,3.88484006068224,0.0487239030715157,0.285416018505405
Gm35164,-1.51365835645755,-0.527682144554422,4.39540375015513,0.0360359261947858,0.245465507406107
4930402D18Rik,7.35483040168163,0.30777405914686,28.9080184370734,7.58980691203799e-08,6.91715783491231e-06
Dreh,-2.38717697422308,-0.739043124902494,13.0032507642794,0.0003109506833244,0.0091544339293283
Gm49832,1.65629945439443,0.789114265551573,22.6894978511051,1.90405694122381e-06,0.0001203093053849
Gm6883,-2.04525525103274,-0.893267753329084,4.69820431965703,0.030194148170553,0.222025599197084
Gm29863,-1.85539160253936,-1.17918652670224,7.68446497109088,0.0055698190165993,0.0776823041935813
Gm46620,-2.58209908455351,3.19537017105725,5.91064173371517,0.0150496884661989,0.144815874165537
Gm54639,2.42195982432698,-0.618853314509344,22.3396143141935,2.28445147062719e-06,0.0001420982148227
Gm50136,-4.86500019389596,2.10786799744643,31.9943162323977,1.54624326990626e-08,1.65894261159205e-06
Gm53019,-3.95681247524875,3.06150419169453,60.8762925317527,6.07763499744509e-15,1.86840525132995e-12
Gm56821,-1.63333629685479,0.846720734268678,10.3868152341647,0.0012691834895884,0.0269787650150149
Gm52113,1.74913372709219,1.48144191641226,6.60651708274132,0.0101606200200483,0.113073865925067
Gm33459,-4.91107139076576,1.30398403056143,16.4418380257778,5.01657035143236e-05,0.0020775879180828
Gm57428,-2.51649905105768,0.465543997867499,22.6011434649729,1.99365914302773e-06,0.0001254749411828
Gm57438,-1.56221829292255,-1.14788144871502,8.16182538473005,0.0042781291327734,0.0641558839742182
Gm56542,-4.23030177055224,2.52189404013598,10.2567126782168,0.0013618813975333,0.0285334679173891
Gm57147,-2.59832143605321,-0.470995484891648,4.2459116619504,0.0393449400453637,0.256931458972706
Gm56855,-1.67615239061326,0.20782058176956,14.9952916258683,0.0001077797558146,0.0039069550486479
Gm33887,-2.28666018558517,2.34330937742675,5.86602799271495,0.0154358416589181,0.147054448605164
Gm32304,1.75333875826131,-0.567832469989934,5.00568891788738,0.0252641465937356,0.197782883177011
Gm34833,2.26406603824174,-1.31970053050091,8.74393823142203,0.0031063291721241,0.0510882491209633
Gm57407,2.65144948083147,-1.83162664108457,4.27911580909065,0.0385834143636621,0.254187831338855
9030619P08Rik,1.79104905564834,1.87349237080117,7.50549434958327,0.0061511054803414,0.0829102632451417
H2-K2,2.40086343474653,1.30195035235541,6.66783083039863,0.0098168598106292,0.110671594451847
Gm4956,-2.63168746583741,-0.101904243780598,5.61870376653721,0.0177697866960498,0.16021873103387
Gm56257,-1.98032621034455,-0.859091503841562,15.052294021874,0.000104573079863,0.0038036552784908
Gm55094,-1.94836722912108,2.97907640983068,17.3930219238989,3.03939783003471e-05,0.0013686708087587
Gm55460,-5.87925692279301,-1.22849188491354,40.3267461530908,2.1484747249954701e-10,3.30245355324785e-08
