V1,Control.M.12-Rapamycin.M.12_logFC,Control.M.12-Rapamycin.M.12_logCPM,Control.M.12-Rapamycin.M.12_LR,Control.M.12-Rapamycin.M.12_PValue,Control.M.12-Rapamycin.M.12_FDR
H19,-7.18022845902105,2.15347200908049,19.9902220172886,7.78391864377543e-06,0.0062216861719697
Ckmt1,-3.54457009337975,-1.96775693285937,9.44653114630919,0.0021154882010604,0.232822647262226
Hk2,-1.8404190303038,0.500450676238283,5.48820694763049,0.0191451679941075,0.658319405331729
Sult5a1,-1.54496018362638,4.09101042023343,5.73089116149038,0.016669021622139,0.622595746849331
Scn4a,-5.80050231160453,-2.11368124967181,8.43644427246096,0.0036777466532995,0.307549724428217
Cnn1,-4.17830283171487,-1.73483671667036,7.78729181131978,0.0052615004443417,0.384065507320764
Ube2c,-1.70485090577188,-0.666094630857162,5.22623108603628,0.0222486920167452,0.711335181159376
Sgca,-5.60238211722109,-2.72917973776437,5.89877402803995,0.0151514274761879,0.600933783182884
Rpl3l,-7.60636142121039,-1.32081618427716,21.0972240230262,4.36560091593841e-06,0.0043617810151369
Jag2,-3.21311015840154,-1.67064017041398,6.24183215372248,0.0124767339076184,0.548330084251636
Epdr1,-3.55547008816502,-1.80339544985879,12.2408369427813,0.0004675485260477,0.0911491553341411
Mapk13,-1.85604525664061,-1.46089417425427,4.18801276089825,0.0407107923469077,0.897333268834835
Nmrk2,-7.75473244846554,-3.03480216197807,5.69480415237098,0.0170152112264553,0.627122896129572
Klf5,-2.94438731268034,-1.38733696662627,10.2335013124737,0.0013791262219565,0.180710752329482
Pvalb,-9.51171818714587,-0.838375547418446,10.9688012566449,0.0009265868004535,0.138156531743593
Hspb7,-9.74291075934298,-0.678138594683482,17.0363883773203,3.66702915106732e-05,0.0188123507328274
Neurl1a,-3.33650370210474,-1.56326864717867,9.25708557129244,0.0023458603570494,0.240390536332007
Actn3,-8.60667039807162,-0.423462625503956,21.5269312016298,3.48894374799634e-06,0.0043073531506939
Slc4a1,2.94216115340083,-1.5296730255015,5.46555824225385,0.019394857441457,0.661079298633542
Atp1a2,-4.6276593683856,1.19328241429682,14.2652924831895,0.0001587655487782,0.0488081935147903
Casq1,-6.05837723596176,-0.786936845795633,13.0200103111453,0.0003081801186437,0.0724495202446977
Cav1,-1.55224466113534,1.54152738854222,9.08816578434659,0.0025726876030105,0.246269365399562
Tcap,-12.6739232141048,0.991922006583594,17.3671476203067,3.08105777977578e-05,0.0175906391669627
Rab25,-2.24749035718897,-1.67603508988112,5.85291921164965,0.0155512336479767,0.60634639291843
Rps18,-3.07558109224303,5.73535066745269,7.26446403038362,0.0070332254603404,0.43243516234232
Tbx1,-8.03465169092212,-2.02325209762652,10.1006981073555,0.0014821316767523,0.190848829672671
Epn3,-2.43837688058826,-1.39378550606605,7.70027115907869,0.0055212530362035,0.393453955250998
Myl2,-9.55393842330948,-0.711334419473353,8.64888658509928,0.0032726128332148,0.290644381954288
Nol3,-1.51416822496198,-0.319581529598668,6.42295034248684,0.0112654851753549,0.51945735388695
Tppp3,-3.31006773755304,-0.964779256331541,8.83240889618857,0.0029592750364021,0.2718791421375
Lpl,-1.64912476917852,4.74000233842072,8.03554610041034,0.0045868179464939,0.350836706663404
Eef1a2,-7.19107957736652,0.404561598140155,11.7642155991828,0.0006038032178038,0.109686343634237
Slpi,-3.18300486711828,0.870394260850773,9.1736584512185,0.0024552327482584,0.242279942676912
Gsdma,-8.30923861990997,-2.42520615790195,6.73062180276889,0.0094771557080718,0.493155983885349
Tnnc2,-8.01230262227724,-2.82422336858664,4.90703855423302,0.0267474624110098,0.767308867901462
Ada,-3.5518865905181,1.47155199145684,23.691106507931,1.1310400163052e-06,0.0025829722429507
Jph2,-5.41140148033872,-1.07476040312967,14.9161716182086,0.000112395366634,0.0427798174050555
Slc2a4,-2.95377192885597,-0.212075703574932,6.17189195371803,0.0129795728472401,0.554789977368932
Myh11,-2.21991483886105,1.42837213697998,8.12525255566286,0.0043652902572331,0.343761231783887
Pnpla5,5.27872598025286,-1.46193270997062,6.97816290173929,0.0082510264322714,0.464196098187816
Mb,-11.9550143437071,0.405596839087326,8.4940215479928,0.0035631534344162,0.305765727644743
Aldh3a1,-8.38773252672656,-0.327716245675779,14.5671583344939,0.0001352513615532,0.0469193867192193
Aoc3,-3.41199071479464,-0.785201777416572,4.58489397885802,0.0322549666549502,0.822373041381233
Trdn,-7.96397871186211,-2.50446754363993,6.28134567175249,0.0122015414089832,0.543325462295281
Hebp2,-3.27091377300226,-1.83673696658432,12.3401346786492,0.0004433230370356,0.0885870258756475
Mybpc1,-11.231515740162,0.211876841488478,13.2900744127175,0.0002668148913776,0.0687952073155445
Mypn,-2.87601834135246,-1.5248407030817,6.6521493089664,0.009903628797054,0.493155983885349
Jsrp1,-9.11211113678265,-1.98603081241227,9.12650603987034,0.0025193240329715,0.245532502954681
Shc2,-3.04995849499251,-2.04679820694028,5.19519667960328,0.0226493919440521,0.718399165907969
Adcy1,1.82995620286882,0.379068789863341,4.01233722188016,0.0451684951057192,0.947589977375363
Pgam2,-4.8046336553813,0.168878211556366,21.244977585413,4.04168004881825e-06,0.0043073531506939
Grhl1,-1.55982112966913,-0.438471277071371,8.05202130230653,0.0045452913085046,0.349331859893058
Cacng1,-8.98182078745358,-1.82934406174661,18.2982669616071,1.88878918729694e-05,0.012580909978387
Itgb4,-1.92570844347432,-0.238673273964918,10.5096627459876,0.0011875192680388,0.167997194857244
Coro6,-3.99409715208018,-1.41227635111115,11.1787628411237,0.0008273892363798,0.129672983654596
Cacnb1,-2.12324690449525,-0.635094652339672,11.5092119937996,0.0006925212941107,0.122126864105854
Sptb,-1.93848809029643,0.655158521749437,11.4023320013568,0.0007335196930708,0.122126864105854
Unc79,2.65666076404142,1.18909729456452,4.91994478700791,0.0265483655368347,0.765539558352857
Fbp2,-3.65558646968514,-1.36386679444061,13.7703579964834,0.0002065699501301,0.0600404949596585
Mxd3,-1.5204788530449,-0.472590900828312,6.32662904602827,0.0118938179271729,0.536111462806667
Pitx1,-7.25469173434997,-2.33216110309382,4.95500558551744,0.0260152408545283,0.758040194756032
Ckmt2,-10.8488013918434,-0.805661271207456,8.42851012705584,0.0036938287933327,0.307549724428217
Ldb3,-7.32331980803541,-0.490457820918326,11.1067605550377,0.0008601359860664,0.130953655935795
Oxct1,-1.50254416207229,1.5896870018494,6.64126686115118,0.0099643051917282,0.493155983885349
Fbxo32,-1.58189194882744,1.7542401729606,16.9859400185238,3.7657651911077e-05,0.0188123507328274
Wnt7b,-3.8530163376714,-2.49457864594626,6.61168235968694,0.0101311903819673,0.495769920224061
Ppp1r1a,-5.4634004288659,-2.55135098863215,4.35757803333183,0.0368446528185483,0.872590548084908
Srl,-2.63394773780323,0.655041770871862,14.4514844607833,0.0001438164612311,0.0469193867192193
Lynx1,-2.18480752058216,0.42204337105381,10.4732585258784,0.0012111490323911,0.168360247233092
Adipoq,-4.08114491545131,-0.321706116924922,4.18406985147345,0.0408055988018811,0.897333268834835
Slc15a2,-2.76303649457427,0.91871032855497,5.64571182551299,0.0174981111774238,0.638641107950449
Enah,-1.63210464916375,-0.639253362449889,4.83017864421349,0.0279657327402002,0.776331866494098
Fhl1,-1.81771687537288,2.59414582982415,10.696722663727,0.0010732549053563,0.154568044297541
Tmem52,-3.96016507817338,-2.60316814169,5.0300630694085,0.0249109912665041,0.751371898842141
Tff3,-3.01291759827394,0.284098547095563,6.42135690640346,0.0112755975102447,0.51945735388695
Myom1,-4.92680645073946,0.45966065618403,31.3962695814574,2.10384733920419e-08,0.0003363210356451
Clip4,-1.64885764140667,-0.841918171533896,7.05289850340689,0.0079137094460961,0.453656406205939
Dtna,-4.07083637274023,-2.23370153901835,11.4541250568214,0.000713354685755,0.122126864105854
Myot,-10.2575413948612,-1.12586657640046,8.44827932827534,0.0036538897739305,0.307549724428217
Camk2a,-2.53732894490887,-1.59212983088293,7.5941115791963,0.0058559245148482,0.40252348501308
Psat1,-1.84420178513508,0.88149640656311,6.20100866318824,0.0127677531443855,0.554633972190616
Trpm6,4.12622955105175,-0.0456694460371696,5.07581904549195,0.0242618071318134,0.741749005309468
Col17a1,-3.17552389006006,-1.2527742320234,13.6682648547798,0.0002181093873854,0.0615769663732767
Cbr2,-4.00070228523688,-2.57614644244601,6.24059757294503,0.0124854341716249,0.548330084251636
Cox8b,-5.88304019794874,-0.523424931086004,8.36904592230148,0.0038166594121653,0.3156846319324
Clec3b,-2.17790843669322,-0.793727550796299,4.71519427897765,0.0298971871486199,0.795543869916542
Des,-3.52150201597162,3.13502452796605,21.3232193909019,3.88003272600405e-06,0.0043073531506939
Cacna1s,-8.88664275049421,-2.0754346452691,6.01772445021351,0.0141628965977932,0.585106246147256
Pkp1,-4.12129935228575,-0.759797753129263,11.3740967508599,0.0007447543259735,0.122126864105854
Tnni1,-8.77971906240592,-2.45565814928477,8.10022699026023,0.0044259715457162,0.345139420145466
Ifi202b,-8.09660562576476,-0.0517843265565183,13.1020292332674,0.0002949760795991,0.0724495202446977
Styxl2,-6.61208914876555,-3.14545905970995,5.61619858713757,0.0177952060940646,0.641556514620238
Dpt,-1.7697467387036,1.24887914219633,9.18937850445907,0.002434235285573,0.241699908541437
Prrx1,-2.24929058024029,-1.17048231470617,7.05952012698332,0.0078845114726762,0.453656406205939
Ak1,-5.65352138066055,-0.0685324124722503,17.8350315541768,2.40906855445072e-05,0.0148120653505574
Lcn2,3.37702328014542,3.35543109490118,14.9260381163636,0.0001118090983977,0.0427798174050555
Xirp2,-10.5970853573777,-0.563646198349672,7.67318205393581,0.0056047531148917,0.396449483604687
Smtnl1,-8.29003322694655,-2.42954355379649,5.97359391867077,0.014521655255253,0.587956255999984
Prom2,-4.03219671688391,-0.0830065426734765,8.72859490632433,0.0031325781129206,0.284530646097439
Tgm3,-10.3396030799824,-0.792533909953112,11.1143080151752,0.0008566427988137,0.130953655935795
Acss1,-2.12214685391561,-0.755886105117575,4.45992889573394,0.0346989418675207,0.849459854049289
Mylk2,-8.73782179351011,-2.38430735078778,5.52816833882006,0.01871268492146,0.654005809447006
Bpifa5,-7.50926599974799,-2.48797943572299,6.6484333334359,0.0099243049744552,0.493155983885349
Pkia,-2.56906835453489,-0.523963212342795,13.0289234767577,0.0003067168116985,0.0724495202446977
Chrna4,2.81591551151337,1.44198754803788,9.20226017258047,0.0024171649877027,0.241699908541437
Casq2,-6.22575249057078,-2.22286398600776,6.4525846634296,0.0110791051162128,0.513880824959152
Sypl2,-8.63091488859653,-1.84587119328475,14.3314852196396,0.0001532796973086,0.0485483579280948
Crct1,-10.083407660301,-1.02582400378151,7.50399784437631,0.0061562185934578,0.405475960205174
Lce1g,-6.61297745959466,-3.05300536030046,4.31267343777833,0.0378294667869059,0.87813794182249
Lce1b,-8.67960547270392,-2.44964487383213,5.88163129033704,0.0152996402949727,0.600933783182884
Ifi44,2.62271073945231,1.14227426732965,19.6054338180298,9.51980661396805e-06,0.007246839453852
Myoz2,-8.3472552791056,-2.21874577543102,5.71691381428827,0.0168022388360771,0.62479282735002
Them5,-3.21065760158112,-2.05232230856342,6.36601714773123,0.0116326395437174,0.531312502131045
Tmod1,-1.63010994327705,-1.02937854471317,5.67276063650908,0.0172303197995753,0.630306389739157
Aqp3,-4.87741376998953,-1.78885385084871,7.50300860978981,0.0061596008948451,0.405475960205174
Tpm2,-5.33953791457858,3.11308332695375,16.6920766715127,4.39642352661271e-05,0.0200803504275517
Mfsd2a,1.91090297616166,6.64826475780363,12.1022521791144,0.000503609570539,0.0968907477316345
Cyp4a14,-1.94133201278733,10.6273762730769,4.32077861347605,0.0376496912506524,0.87813794182249
Fabp3,-5.72234397136689,-1.03300938862519,6.22111526400558,0.0126235570883608,0.55136662189764
Trim63,-7.4043222081156,-2.3534247335789,9.38077601008563,0.0021927271077143,0.232822647262226
Plch2,-3.20970247140344,-2.2409528984757,5.00385936317305,0.0252908637575333,0.754460519278002
Nos1,-2.50802298910469,-2.03971565972403,4.17057959234273,0.0411317267821037,0.90143878387222
Lmod2,-3.48566520373565,-0.973261465773161,6.67242690633593,0.0097915767178029,0.493155983885349
Asns,-2.51359108984988,1.89119740713209,9.19773712544925,0.0024231448762514,0.241699908541437
Usp18,1.54733693824136,2.55772305408814,14.6631240951541,0.0001285365284168,0.0456618876282518
Tuba8,-4.63383554768953,0.952813583518583,27.3963454732798,1.6574416450366e-07,0.0011512438053175
Emp1,-1.64793353989415,0.219959458982182,7.44608427136269,0.0063574608321654,0.411458983250999
Ldhb,-1.78351005712925,2.24795391974735,9.84277128040669,0.0017050043864402,0.212939063450268
Cand2,-1.54514981915257,-0.200678051543542,10.4561382692179,0.001222425633292,0.168462898050058
Clec2h,-8.06121790951694,0.727343073187624,17.5128307948115,2.85375288723709e-05,0.0168963309834712
Ckm,-13.2334899404511,1.44110354220351,11.1363220976836,0.0008465357196617,0.130953655935795
Rtn2,-3.86985838792783,-0.282394209806121,22.9509010978439,1.66192286198951e-06,0.0028649446714372
Nova2,1.68330064474394,0.425135816914635,10.8008804081509,0.0010145183467937,0.147437184471319
Sbk2,-8.87342475653935,-2.2208214990195,9.29949027828859,0.0022921762470206,0.237939801849821
Cyp2b10,1.63838645102318,5.15996957138882,7.59074137293072,0.0058668817720535,0.40252348501308
Lypd5,-7.69735754536831,-2.3837246571045,5.19130120038576,0.02270021395095,0.718585386574034
Plin1,-5.68283233446658,0.708352898422319,5.10743220539318,0.0238235549309283,0.739501648788
Synm,-1.91189708167622,0.892289448882892,8.87667390392407,0.0028883728636114,0.266899009235216
Ryr1,-6.61833357156432,0.493998155678864,15.8475535065222,6.86552394785675e-05,0.0281416066231892
Mylpf,-5.72248227034928,1.49048573057696,24.8573523263299,6.17331429987308e-07,0.0024671650599442
Klk10,-7.08557329741731,-3.0179491299318,5.29784984300852,0.0213517657926596,0.696286962560308
Atp2a1,-13.7088059326288,1.95825231255886,22.6227400294549,1.97137441422553e-06,0.0028649446714372
Cox6a2,-7.78866404805753,-0.262436919526381,13.190068221726,0.0002814366525367,0.0704843208571535
Art1,-8.61860019193668,-2.41155544797719,8.48708382019446,0.0035767666126339,0.305765727644743
Tnni2,-11.5554426325394,1.7845878248869,13.6231628912155,0.0002234119885931,0.0615769663732767
Itgb1bp2,-4.9193314168981,-2.09287127106281,11.8202141376561,0.0005859112115635,0.107659501471892
Myom2,-10.0203645433738,-0.714260451622449,6.95502251769207,0.0083584247057163,0.465567168451502
Asb5,-2.6322177791145,-1.5896927363731,9.19381209527679,0.0024283462960764,0.241699908541437
Sfrp1,-2.15528381482006,-0.194028466793182,6.64332873028006,0.0099527798084395,0.493155983885349
Slc25a4,-2.90830095347807,2.98946050230377,22.802425366289,1.79538986603861e-06,0.0028649446714372
Pdlim3,-6.81182111585587,-0.947869102393074,19.0993436615392,1.24087553293158e-05,0.0090166528497473
Mfap3l,-2.10246158479127,-0.910519933109094,7.05202679789129,0.0079175614494843,0.453656406205939
Irx3,-1.55974907470069,-0.411264383309744,4.49316791336156,0.0340305603260109,0.841200285420851
Mt4,-9.94100005159937,-1.5149265244466,9.38394700073404,0.0021889374927375,0.232822647262226
Tmem38a,-2.21892629552567,1.47512634547042,17.2755144581403,3.23326512619679e-05,0.0178230952784075
Ctrb1,-6.39763940656015,0.575225686013481,6.19439309448069,0.0128155664285666,0.554740636963175
Acta1,-15.7972307061402,4.25911382407819,26.8839352349369,2.16047254845027e-07,0.0011512438053175
Trim29,-7.47542942912087,-2.67155170535533,6.73296100040352,0.0094647357033436,0.493155983885349
Cryab,-1.92494750053184,1.86180103010056,14.5149036939327,0.0001390550662409,0.0469193867192193
Elovl4,-7.40475845168883,-2.78944982977838,8.28940395761357,0.0039877075479551,0.325242310518426
Nnmt,3.76632265717808,5.76133192774947,12.0575675783689,0.0005158255336777,0.0968907477316345
Acsbg1,-3.16615388708572,-1.01237980232559,4.68415071822447,0.0304421083293651,0.799092846885437
Mlip,-6.73140092307602,-3.17579260460652,5.80115508189734,0.0160156498940456,0.61275536674006
Tpm1,-2.04863338926324,4.50760252543198,20.3971596061207,6.29231193069696e-06,0.0055882721402289
Car12,-4.68481540696787,-1.58656968761145,4.13065473934525,0.0421130541893398,0.91161940407349
Fhl3,-2.60006560104226,0.481625962992798,18.0022728267785,2.20641379723755e-05,0.0141086923850558
Pygm,-4.77782147726972,1.99168761155858,23.3629795543757,1.34135335205544e-06,0.0026803593357447
Oas3,1.53094545130429,-0.020232030586826,5.18059099476653,0.0228405537225632,0.721598995669753
Alas1,1.84517422867367,8.49238126248967,9.4063492606928,0.0021623533648006,0.232822647262226
Alox12b,-8.012228449258,-2.3723360300787,5.32431834926375,0.0210298329003356,0.68927797188081
Igdcc4,-2.93178355892512,-1.48108826940602,7.1332991323965,0.0075665380775113,0.451424209026375
Ucp3,-6.53568055662675,-1.95444870468926,8.99483972270649,0.0027074301899865,0.257624875101932
Dhrs7c,-8.0355618669039,-2.77368779002248,5.609935817741,0.0178589171153513,0.641556514620238
Myh2,-12.1075927847509,1.02871586204648,9.65713133640853,0.0018861792881719,0.221709280152332
Asprv1,-7.1054080883864,0.429322873249785,12.6202662674514,0.0003815869737002,0.0838401906346291
Adra2a,-4.1216119072641,-1.39195979449705,4.71802633993086,0.0298479833304037,0.795543869916542
Calm4,-10.1809797145492,-0.996946911698667,8.17045542287868,0.004257821470293,0.338634497632363
Rnf225,-2.13048016683859,0.0661476041774259,9.30743876383758,0.0022822530684419,0.237939801849821
Mab21l4,-3.59460032491387,-0.0816517143564866,4.75447429257341,0.0292222179352805,0.78815381385675
Evpl,-2.39861062953479,0.191555557657228,9.62886674110831,0.0019154275875953,0.222987644500985
Ly6d,-2.13123792206085,0.990257557261342,6.01397035797496,0.0141930573399288,0.585106246147256
Asb16,-1.51467575833821,-1.02507666900003,5.97384885270348,0.0145195561303377,0.587956255999984
Sgcg,-7.43903680836531,-2.20887937936963,11.2849954929975,0.0007813602233321,0.124908245301884
Thrsp,2.04090621984447,7.82472634636244,9.8920045381355,0.0016599844368161,0.208948907141279
Mbnl3,4.3746154911193,-1.27738075765438,6.22355430509203,0.0126061794921397,0.55136662189764
Cysrt1,-7.72108161228358,-2.66216973772283,8.3622172485439,0.0038310283119533,0.3156846319324
Krt80,-1.60151693084088,-0.691989607893631,4.13498754759882,0.0420053765160428,0.911123404322198
Limch1,-1.80939672683299,-0.287118290235069,6.51815787736459,0.0106778547197471,0.503528570943592
Dzip1l,2.30210544014529,-0.58018546272524,13.3324479573687,0.0002608527660711,0.0683605298100489
A4gnt,3.12511750842378,-1.62983185838901,4.95395113077932,0.0260311112497607,0.758040194756032
Wnk2,-2.33124828827244,-0.855974896546478,9.26228947350239,0.0023392041690048,0.240390536332007
Rbm24,-3.8625172817504,-1.95029604925036,4.82004363985283,0.0281306330571624,0.776331866494098
Asb10,-3.52918684870405,-2.51054798224973,6.70671171799518,0.0096050682735276,0.493155983885349
Hrc,-7.4957124498129,-1.0095265815032,10.9552787683947,0.0009333732908987,0.138156531743593
Aox4,-4.92269050458676,-3.16362565662285,3.8487715385378,0.0497824402904801,0.994941347207602
Gmds,1.6181555895015,-1.11774888750223,4.64655300804128,0.0311159703692712,0.808812849305967
Egr1,-1.98225571156898,4.77975468775314,5.1718524579164,0.0229557240504681,0.722382292659023
Tmem255b,2.50190971704204,-1.32722861838678,7.22163338155656,0.0072030134784193,0.439375242615957
Fsd2,-3.93976700049866,-2.12032839646087,8.11543726597154,0.0043889884932144,0.343933186531992
Mybpc2,-11.3225357616262,-0.418987203432908,20.1585461898067,7.12810536131997e-06,0.0059973627529505
Alpk3,-5.39312625029958,-1.99559220739119,9.5939733406645,0.001952170457177,0.224513646967134
Synpo2l,-3.12832997195926,-1.83633326890419,7.35409770840688,0.0066910080384599,0.424454184535003
Cdsn,-8.10352801729841,-2.14993126807256,5.59531638965273,0.0180085583328205,0.642600030152831
Txlnb,-6.30882148751105,-1.43944698643167,7.33780452648319,0.0067519253225731,0.424945977191554
Cacna2d1,-2.07634137202776,-0.116708781871198,8.95376141488594,0.0027689885890463,0.260382656379383
Il7,2.44922695726804,-1.41932774634701,5.30295367498406,0.0212892939096484,0.695972704375542
Cdh18,-2.04954067590628,-1.34481385998297,7.03236071545685,0.0080049759225506,0.457026946778196
Sh3bgr,-6.13323819778338,-2.55413848937322,8.51955195358034,0.0035135098079762,0.305182773142426
Apobec2,-8.14880321398496,-1.25611139168412,12.8322995863908,0.0003406867901049,0.077563839695013
A930016O22Rik,-7.60642667066881,-2.60632858043497,5.77128884404698,0.0162900831241886,0.615521887373848
Esrp1,-2.52691470879133,-2.18856017422308,5.40268680830833,0.0201057767094628,0.676654624163101
Myh6,-6.67320492051134,0.961966849293083,5.37403342291412,0.0204386627969335,0.679605140573534
Smpx,-8.87358672232239,-2.58304148505304,7.59338046385666,0.005858299751762,0.40252348501308
Pnpla3,3.05587411648124,-0.0869015786949562,7.34040531620394,0.0067421635785885,0.424945977191554
Shisa4,-2.83614675091789,-1.96367103750182,4.70296334524522,0.0301106583448577,0.796935404471682
Rptn,-11.3785949768295,0.329726083072682,9.76669117570776,0.0017770197785476,0.21534781216638
Lce3b,-9.38230704973393,-2.28102508155595,6.30012242647157,0.0120729634235144,0.539101657229891
Sln,-9.40938815719365,-2.0228531851536,6.689569874602,0.0096978600468467,0.493155983885349
Lce1c,-7.96427905656465,-2.34851758276724,5.38747300449222,0.0202818217373433,0.678200689259549
Lce1f,-8.21013433488609,-2.51264518691087,5.59853907847141,0.0179754607527592,0.642600030152831
Cilp,-3.42664245237203,-1.71066864684616,6.73433465879873,0.0094574500152476,0.493155983885349
S100a14,-7.53625390775727,-1.3997363011793,11.5218786320104,0.0006878184438245,0.122126864105854
Mybph,-3.79537753334083,-1.118412260208,14.6893660799892,0.0001267594903827,0.0456618876282518
Ppp1r3a,-2.69165464634404,-1.67388571318584,5.51824460945117,0.0188191337636446,0.654005809447006
Gpx2,-4.56611063062237,-2.20150146335838,5.99729906165636,0.0143277967847056,0.587956255999984
Trim72,-1.96486985635099,-0.671880618429244,6.15494451860114,0.0131045227104369,0.557151329917671
Abra,-7.66693219814498,-2.24252462185172,8.13226087205152,0.0043484489849718,0.343761231783887
Loricrin,-7.08689901971519,3.36874958140897,23.7188851739754,1.11483196244466e-06,0.0025829722429507
Psapl1,-8.01186518935834,-2.04475366188171,6.60992886494834,0.01014117126944,0.495769920224061
Sptssb,-7.20635438996325,-2.90598495965309,8.6578642788179,0.0032565276526211,0.290644381954288
Krt13,-14.7877106517911,3.44738010872001,16.5822676456872,4.65845533499835e-05,0.020386276316215
Lmod3,-4.88248375062926,-0.523583244943703,21.4810287084673,3.57346530344699e-06,0.0043073531506939
Dsc1,-5.42673719658974,-3.02886162223478,3.92387565171635,0.0476050134073909,0.973710589415995
Adig,-5.56206526192163,-2.53595494540738,3.8488110292767,0.0497812681255132,0.994941347207602
Serpinb3a,-8.58763921688506,-2.10185033839241,6.24647456080384,0.0124440739235893,0.548330084251636
Klk14,-7.36968332370762,-2.64219386386877,4.61761514713058,0.0316452070661405,0.815935935740842
Klhl31,-3.56641146866466,-1.90272770284273,5.94963907070178,0.0147202997712267,0.588363257551975
Mylk4,-8.43771866192466,-1.94090603890401,6.33644610836129,0.0118281638486163,0.536111462806667
Ldhb-ps,-2.39178920898595,-0.823290372399652,6.78190914885406,0.0092086344109832,0.491893329456548
Nyap1,-1.7250092378642,-1.1394403378149,4.93715168058488,0.0262853178843418,0.761747527734051
Lce3c,-9.61738254786732,-2.07105900088735,6.92367980498945,0.0085061763280416,0.465799267332377
Sprr3,-10.0144745427047,-1.13796237549622,7.50430657366454,0.006155163402325,0.405475960205174
Krt14,-7.07082996227266,-1.41357515372277,6.56761179411333,0.0103851215384079,0.501560582818696
Smtnl2,-2.17257673401485,-0.378851274696482,9.12796748529508,0.0025173123073774,0.245532502954681
Sbsn,-3.84830260668808,-0.448428441271485,7.51933867777313,0.0061040085341848,0.405475960205174
Olig1,-2.19526611135521,1.48453831350248,17.1482409022538,3.4572944682176e-05,0.0184227697896422
Gldn,-4.80742276434584,-1.82603875437018,5.87431519213553,0.0153633477803998,0.601957052983999
Scn4b,-3.97841268513728,-1.08247924877258,9.0884417683553,0.0025722994057401,0.246269365399562
Tmem45a2,-3.62964685137548,-2.85074194218262,4.77967152892982,0.0287976132276984,0.781593624886225
Ddit4l,-2.24661855994168,-0.401033120580952,13.6373824524029,0.0002217263326044,0.0615769663732767
A2ml1,-2.84303821699273,2.24949841914497,11.3498798146836,0.0007545285180417,0.122126864105854
Sfn,-3.07897909048478,-0.232976030169464,9.46246740804933,0.0020971878150127,0.232816975074961
Cmya5,-8.55008936775946,-0.491589907322984,7.94644215246336,0.0048182006406929,0.361613875315108
Dmbt1,-8.63048388659021,1.48675902924872,7.57008711359963,0.0059344915833207,0.405422147226348
Nccrp1,-5.3718611289972,-2.18753915876626,5.92337436641267,0.0149413166708558,0.595640619202746
Lmod1,-2.87675908829709,-0.943274315116448,10.8624081522256,0.0009813599962342,0.143926797245882
Mlf1,-3.45809183919433,-2.19716654074922,6.98540399817323,0.0082177101512596,0.464196098187816
Nrap,-4.90009967853219,-0.0895949555496768,14.7180530493412,0.0001248451657195,0.0456618876282518
Myoz3,-4.12541583238832,-1.84008971734067,8.59045190244046,0.0033793013594626,0.296821491936098
Vsig8,-6.6124755453016,-2.74162581269804,5.06968509348244,0.0243478064013745,0.741749005309468
Lrrc4,-4.0830016057412,-2.42836808954003,5.53675158699676,0.0186211167238704,0.654005809447006
Grem2,-1.75163660910827,2.91468623730604,12.5069349141108,0.0004054442210022,0.0838401906346291
Synpo2,-2.74569948974063,0.0505913971763537,12.391299406738,0.0004313389836158,0.0872833543301732
Tnfsf15,-4.39915340082404,-1.7163682665187,5.98433312164109,0.0144334987282429,0.587956255999984
Krt78,-8.53761590709903,-0.787757109896544,7.38731529717222,0.0065685459527581,0.420019102403164
Six1,-6.67410554624664,-3.05843559876629,3.92257584685379,0.0476418304533484,0.973710589415995
Tacstd2,-7.08429497749313,-2.50347367191811,7.94704005347153,0.0048166090480741,0.361613875315108
Ttn,-7.85621710251029,1.08470666103557,16.8605924523278,4.02281869551465e-05,0.0194875089898476
Actn2,-10.5692742366608,0.0738074275191148,9.67658239215864,0.0018663146149926,0.22099929952054
Fcnaos,-1.6377995121962,-0.928963166939028,3.90937094814633,0.0480175673124761,0.974122882052338
Oas1a,2.08568606368561,1.43624949868952,18.3218570787398,1.8655447722686e-05,0.012580909978387
Ube2ql1,-2.98102804682134,0.165382962939169,13.405196508953,0.0002509281685106,0.0668556283635329
Myh7,-6.52873768772497,-1.78537581781895,6.17678621900546,0.012943716851449,0.554740636963175
2310001K24Rik,-4.37844384988135,-0.842623091557473,7.49445562024559,0.0061889237013676,0.405475960205174
Lgals7,-11.4477641938741,-0.015998666987966,9.92686823737701,0.0016288343643994,0.206655128168963
Krt15,-11.0079242839135,-0.738085226714981,11.2130861311258,0.000812225323091,0.128556772425077
Lce3a,-9.13412363755234,-2.28295878527081,6.65216769604057,0.0099035265987863,0.493155983885349
Kbtbd13,-1.85682456030804,-1.41043370193804,4.63401878092687,0.0313440629152862,0.812549704697256
Ntrk2,1.5783947851773,4.24765883581182,3.86637227116114,0.0492628929680212,0.9918345176156
Spink5,-1.91229964980226,-0.679467973877066,5.13900878933907,0.0233940014149922,0.730422864492316
Myh8,-13.4972363517899,2.86932308574749,12.038088881825,0.0005212438574327,0.0968907477316345
Abcd2,-1.62854371746418,5.46744120749405,9.48428351692394,0.0020723953152077,0.232816975074961
Myh1,-13.6640514221122,2.45487595494749,11.3849523415283,0.0007404145256587,0.122126864105854
Fabp3-ps1,-5.00859798415324,-1.12134123898788,12.5402175772909,0.0003982859220394,0.0838401906346291
Dsg3,-6.99243828297897,-3.04346311142532,6.45250570111265,0.0110795975094035,0.513880824959152
Usp13,-4.62963560403791,-2.21709986846015,4.9841404143917,0.0255806908223273,0.754488788719048
Myh4,-13.6761879643339,1.18806272645077,12.4902617460373,0.000409078873358,0.0838401906346291
Lypd3,-7.8888447711766,-2.04160672515358,6.65595910592831,0.0098824764137748,0.493155983885349
Saa2,4.02646282347043,5.02272982326838,13.510310767539,0.0002372562463249,0.0642843788771299
Lce1a1,-8.77991318266632,-2.08454500932523,6.1172086424259,0.0133872033555099,0.566158287939633
Prtn3,2.32512124385487,-0.705912324374984,4.15643926065425,0.0414765105388771,0.905797127697389
Xlr3a,-2.46799369946026,1.33413236030035,7.79573331418395,0.0052369751676603,0.384028830413843
Defb4,-7.47606392319547,-2.85146646503832,4.66276886629495,0.0308234466644115,0.802514036445085
Krt4,-8.65611091068952,3.16950864062971,10.5866369460193,0.0011390799436486,0.162583321242564
Myl3,-12.1971214679719,0.909334969368564,14.0766649287963,0.0001755077446437,0.0519567927013972
Kprp,-7.60663231952468,-2.39590993851494,4.99401624286679,0.0254351082058787,0.754460519278002
Dsc3,-6.4823880388191,-3.20170533317503,4.9538234861778,0.026033033086517,0.758040194756032
Serpinb12,-9.89810767613053,-1.05403390880698,7.60927155616152,0.005806893768773,0.40252348501308
Eno3,-2.92129919284654,2.61158880379582,24.3863528412959,7.88251205822017e-07,0.0025201967552541
Dmkn,-7.19446619652419,-0.299057637312878,8.93565512103729,0.0027965714740398,0.26143854727486
Sfmbt2,1.85276563777131,-0.858960909182589,5.09278016596096,0.0240256454841306,0.741749005309468
Obscn,-7.33003884429923,0.133535884791323,13.0456315294422,0.0003039926361746,0.0724495202446977
Krt5,-11.7405370229403,0.220936988410722,12.5052390915004,0.0004058124071897,0.0838401906346291
Orm2,1.91641630445543,4.41118238242554,9.75749050355424,0.0017859353170743,0.21534781216638
Tnnt3,-14.3224637845525,2.50443839030844,12.0639508062818,0.0005140623289968,0.0968907477316345
Cfd,-5.88767871566131,0.301613376633896,4.31565307132463,0.0377632731793571,0.87813794182249
Myl1,-11.1106187897109,-0.513776623784984,9.11568425713845,0.0025342714242163,0.245532502954681
Trim54,-8.38414261332022,-2.34011140504583,5.8250258340543,0.015799736408653,0.611459637209924
Cav3,-7.08550744831055,-3.02949194242018,5.44803638602129,0.0195903340626924,0.6653129951175
Sim2,-7.57507527093488,-2.47036233912076,4.93396112886062,0.026333887583145,0.761747527734051
Calml3,-9.94825328271609,-1.47017351861605,7.55427469674697,0.0059867889185032,0.405475960205174
Ly6m,-4.7016665612886,-2.73516383434372,4.52166263803258,0.033468291767136,0.835975175295993
Cnfn,-10.2870862664129,-1.23400144507513,7.71481377251004,0.0054769509441634,0.393453955250998
Klk8,-2.9636300292564,-1.82092235432244,7.69487261643527,0.005537791813554,0.393453955250998
Tnnt1,-2.40938422890031,0.426918506035605,16.5579983185534,4.71845504629023e-05,0.020386276316215
Fxyd6,-2.45479134581553,-0.493684857681883,5.57905340184162,0.0181765446215649,0.647149760178924
Oas1g,1.89322607409015,0.185949168807846,12.5398748231334,0.0003983589866032,0.0838401906346291
Serpinb5,-7.33234037379633,-3.03339491217916,4.80054223999173,0.0284507811428446,0.776331866494098
Nipal1,-2.47613834016868,3.19605296494157,8.95719163598912,0.0027637942430038,0.260382656379383
B3galt4,3.34602630182852,-1.02553649025139,16.1971657509762,5.70794521824024e-05,0.0240124242786286
Klk11,-6.84232462362699,-3.08353038588158,4.67034670943926,0.0306877317392047,0.801591633305434
Actc1,-6.13166057817621,0.0475653759608525,9.61975628370386,0.0019249527674925,0.222987644500985
Myoz1,-10.5367617461811,-1.06325024475404,14.1959055753264,0.0001647285631593,0.0496858643521635
Flnc,-5.75676651236095,0.219624250617141,14.3118910116831,0.0001548834138829,0.0485483579280948
Lce3f,-9.22847961333537,-2.02492752788538,6.26195053756383,0.0123358312950351,0.547779441895643
Lce1i,-7.25474434738395,-2.64440348008582,4.80762607337011,0.0283340518563195,0.776331866494098
Lce1e,-7.29409664204661,-2.84199308265196,4.70881573360369,0.0300083168747451,0.795543869916542
Lce1a2,-8.79370521158213,-2.24388157122969,5.98634351154431,0.0144170570428906,0.587956255999984
Sprr2a2,-5.85284556486456,-2.59438101283433,6.73410020477183,0.0094586931192365,0.493155983885349
Ctxn3,-7.78293913246574,-2.37292670341713,4.34317748294623,0.0371575161480787,0.874815984010584
Ampd1,-8.41995604535437,-2.71609588221331,7.0990239646616,0.0077125939528809,0.453285025480718
Gm94,-7.44144552013414,-2.89298329433129,4.72508629784481,0.0297256916213274,0.795543869916542
Myo18b,-5.0552486127621,-1.57957063872305,6.89271870934805,0.008654753954079,0.468010445498691
H2-Bl,2.4145376058001,0.711016037355571,6.13477701264861,0.0132548262679608,0.562046824189975
Serpinb3c,-9.26848591709961,-1.51019807298044,6.52319830474501,0.0106476354511236,0.503528570943592
Mup-ps12,-1.77590043563047,2.17771296577469,4.60538352088633,0.0318717235969454,0.820453097295925
Klhl40,-7.47596967799786,-3.01979905816853,4.99051476939068,0.0254866257881148,0.754460519278002
Saa1,3.27252552966233,6.41301035382491,10.4238317156215,0.001243995257504,0.169970155439824
Ces1h,-5.40852918236958,-3.04428784307546,4.02509945469288,0.0448279767046494,0.944163419763539
Krtdap,-11.594702277294,0.102130949105037,10.343326537517,0.0012994361951239,0.174561235422286
Cox7a1,-1.93475112953038,0.580939163239718,8.55246751266684,0.0034505419180142,0.30142274918785
Gm15441,-1.67098434945341,2.60792653985441,4.18992230564483,0.0406649608868061,0.897333268834835
Lce3e,-8.36586072711494,-2.59497380765007,5.43956776947697,0.0196855402658937,0.6653129951175
Aldh3b2,-6.98216756358312,-2.10809814100327,11.4027476511308,0.0007333555937614,0.122126864105854
Klhl41,-6.74522883487133,-0.894842850087704,20.6300651557605,5.57142767422861e-06,0.0052391084000128
Capns2,-6.73150983568284,-3.20036789181532,5.6326408848123,0.0176290530673945,0.641556514620238
Perm1,-6.28419246326081,-1.40904436696462,14.4519109028729,0.000143783902729,0.0469193867192193
Sprr2a1,-8.03508901302933,-2.47759834640753,8.06702740319189,0.0045078008230774,0.348124173708773
C7,-1.71503912716263,-0.912957123942024,5.06552199047374,0.0244063541093945,0.741749005309468
Ms4a6c,1.5017966848787,-0.835691008744858,4.01465785466233,0.0451063745814443,0.947530228724007
Tmem182,-8.79365867986171,-2.00578935510225,6.48701362241011,0.0108665375847847,0.507931198334411
Cyp4a30-ps,4.0982887747621,-2.03843500362374,7.24334372704536,0.0071164328303151,0.43587469435026
Mup-ps15,-2.8320630185301,0.597184704277625,7.92370812878474,0.0048791170389455,0.362779372021315
Atcayos,-6.48244884146808,-3.12285450244071,4.87545167652616,0.0272413107470273,0.767308867901462
Xist,2.14872133799745,6.85204035650476,6.18220880864526,0.0129041091558312,0.554740636963175
Gm15655,-2.25863919133778,-0.382589531062667,5.53669272193711,0.0186217431319481,0.654005809447006
4930481A15Rik,-4.35046665722218,-0.346440802479189,5.62486436299319,0.0177074360299283,0.641556514620238
Gm15491,-1.80044812879088,-0.471106544268967,6.92362213720452,0.0085064506269297,0.465799267332377
A230005M16Rik,2.02833564777312,-0.530030029086759,5.80043025194821,0.0160222534278334,0.61275536674006
Gm11773,2.73441824427853,-1.54059484244506,12.2932112389285,0.0004546088650013,0.0897207076038373
Gm12494,2.82716968594039,-0.634643314689541,6.96542331753579,0.0083099770589156,0.464487039384006
Nat8f7,1.61524981013187,1.92403992797498,4.00403009065029,0.0453916065433723,0.947591141938723
Gm15629,-1.78967358154614,-0.698471723137469,6.104315910916,0.013485213989837,0.568798498262622
1110002E22Rik,-3.98428665322735,-1.73741245679149,7.49830277266677,0.0061757166546448,0.405475960205174
Teddm3,-7.36944486181678,-2.48493988904338,5.35749628641813,0.0206333759780215,0.682143236810139
Col6a5,-1.52752116761818,-0.177330966669224,5.01025655927989,0.0251975727291759,0.754460519278002
Tnnc1,-1.89246328027048,0.0012245455671604,7.43629921059162,0.0063921200424051,0.412033995959226
Gm17115,-2.27294917194533,-0.786358959594633,15.0918098988437,0.0001024066277436,0.0409268087777544
Ly6g6c,-6.99278788988664,-2.60940080396839,5.76745993375052,0.0163256149284694,0.615521887373848
Sult2a7,1.6227859651663,4.60357437610291,6.62133701354222,0.0100764161808406,0.495635658667442
Igkv1-117,-1.70324996846932,-1.35054160458447,4.84007169540556,0.0278057389768535,0.776331866494098
Ccl21a,-3.11080303354722,-0.634773495943868,10.3706438877368,0.0012803488591941,0.173454719178624
Gm21286,-2.60221190934082,0.347104491476177,7.17220172051928,0.0074041847601316,0.445713712247703
Igha,2.55964418202661,1.02711315163275,9.4751963892992,0.0020826858885075,0.232816975074961
Lce1k,-6.67384624700364,-3.10166879884344,4.36288177200854,0.0367301210936797,0.871168717809441
Kcnj11,-4.59095329727707,-2.83360267535073,3.99728179521376,0.0455737055174927,0.947591141938723
Gm26747,-2.45158713525559,-2.09997229655113,7.11285884365859,0.0076532959303636,0.453073628647776
Gm7967,2.11112995665842,-0.809036855278926,7.51334047635087,0.0061243684383048,0.405475960205174
Gm28529,1.77324646231078,-0.340433908806163,5.53250873806261,0.0186663224845427,0.654005809447006
Gm7901,-2.39660740467235,-0.734049074720878,4.11358414558589,0.0425401189471108,0.916504503353792
Flg,-7.03887427765583,-0.446545071092196,7.62634633643882,0.0057521712990048,0.40252348501308
Lce1d,-7.96429711522232,-2.59963884497918,5.29168565912142,0.0214274696904646,0.696286962560308
Gm43611,2.32345556390886,0.488487635831035,8.68101698344688,0.0032154151204541,0.288773180424604
Gm43549,2.33919461782965,-1.15804858215559,5.53003021382777,0.0186927825529037,0.654005809447006
Gm43500,4.60188860204463,-1.40566321790175,7.95604818082455,0.0047926944295647,0.361613875315108
Gm45769,-1.51348337734356,1.73236734915003,6.24315611184807,0.0124674107102694,0.548330084251636
Usf2-ps1,-1.902227097217,3.07828288700401,12.8763596894097,0.0003327588757366,0.0770939621380525
Gm44891,4.14640567712476,-1.16635765447317,5.71405902378628,0.0168295824338554,0.62479282735002
Gm45253,-1.80926922984053,-0.60804531838233,5.06772251982073,0.0243753888332816,0.741749005309468
Gm45548,1.78520019889149,-1.6004862213161,5.82819638873094,0.0157712849304827,0.611459637209924
Gm33543,-1.53880970664937,3.54352267489906,11.4507949661339,0.0007146342046422,0.122126864105854
Gm42047,1.73720272497757,4.28845078306912,6.94134480708703,0.0084225766852952,0.465799267332377
Gm32468,5.28165173116875,-1.25367460663838,5.47397535546214,0.0193016727589964,0.660337837395954
Gm33699,2.9334131237752,-1.74663188914274,5.08209532563945,0.0241741385785526,0.741749005309468
Rpl26-ps6,1.5340848937715,-0.138641614671653,4.32746295686538,0.0375021038309351,0.87813794182249
Gm47939,2.31271618966129,-1.52252945353597,5.51088616185962,0.0188984694021002,0.655338246989096
Gm47761,2.40334985061099,-0.701664973387238,5.91520477689308,0.0150107580823087,0.596920345034295
Mylf-ps,-9.97265216070221,-1.45834048343294,7.62215911309033,0.0057655419394966,0.40252348501308
4930455J16Rik,-2.44784595728691,-2.00029474813567,6.88507490731799,0.0086918425232692,0.468010445498691
Gm32542,2.17501959672362,-0.552190227633591,4.97585168912447,0.0257035454110154,0.756716163794645
Serpina3h,2.07727627793454,0.520929332832342,5.95282337500154,0.0146937336688551,0.588363257551975
