V1,Control.F.6-CR.F.6_logFC,Control.F.6-CR.F.6_logCPM,Control.F.6-CR.F.6_LR,Control.F.6-CR.F.6_PValue,Control.F.6-CR.F.6_FDR
H19,-7.70816378258889,2.15347200908049,22.1004960915834,2.58742868975309e-06,0.0001383365720213
Ckmt1,-4.34693211961842,-1.96775693285937,11.9401915284953,0.0005493583191668,0.0078762709329163
Hk2,-2.90963331452643,0.500450676238283,13.3151343830538,0.0002632724574858,0.004723539287731
Sult5a1,2.21268376633692,4.09101042023343,11.0292389910292,0.0008968595796456,0.0111602044774353
Vpreb3,-2.24272393453113,-0.674759357712211,17.5376656598422,2.81672033729272e-05,0.0008898832275091
Scn4a,-4.06962331278568,-2.11368124967181,5.3928629064441,0.0202192713683732,0.100007819336267
Uhrf1,-1.86839066631581,-1.11633765050427,6.80005838078371,0.0091154891833639,0.0580000218105593
Ube2c,-1.90235444592215,-0.666094630857162,6.6324803007694,0.0100135736398274,0.0619972843556469
Sgca,-4.76369255094871,-2.72917973776437,4.87272959829113,0.0272843107599265,0.123315519312464
Ccne1,-1.53559855830193,0.117381393625834,4.22526011476597,0.0398265143286765,0.158374790561747
Peg3,1.93160815129978,2.4562935454185,16.0655771343427,6.11862080410867e-05,0.0015827228507197
Rpl3l,-4.77638518171623,-1.32081618427716,11.9253469173059,0.0005537531437322,0.0079109005859734
Shh,-1.74983645133897,-1.56710830684669,4.55171014129861,0.0328858847145233,0.138747361585212
Ggct,1.89755582415636,2.63663850646357,34.5580044111677,4.13736702899727e-09,7.70025197345449e-07
Crhr2,-2.52954699773398,-1.09959128662673,12.7941217619242,0.0003477101780376,0.0057422468038316
Inmt,-1.60792138891483,8.93918697939566,17.0542035060332,3.63278712989496e-05,0.0010788065129443
Ier3,-1.94772972055594,0.535077654912556,14.2723863452197,0.000158168294003,0.0032006055037115
Fosb,-1.98570137643521,-0.78022788106405,5.01705019590156,0.0250988915010801,0.116874710030954
Insig2,1.63453631302496,7.58826087633136,16.350140695227,5.26522535052362e-05,0.0014412652817375
Gstm3,-3.52607510715792,5.83783601948952,40.4946877244691,1.971513365046e-10,5.73029320975005e-08
Nmrk2,-6.7407337505082,-3.03480216197807,5.3196331426389,0.0210864503322533,0.103202896312433
Ccn4,1.61963455939479,0.0575287658513147,7.85722117138963,0.0050618128699895,0.0385324478760251
Klf5,-3.03405442049688,-1.38733696662627,12.2856298734602,0.0004564593191831,0.0069273299259071
Fcer2a,1.69901655277478,-1.02082888282248,5.80702459216715,0.0159622791817787,0.0849726923076636
Cyp2a5,-2.25228042182564,10.74799299718,19.6378463501051,9.35967553141324e-06,0.0003712748710798
Pvalb,-4.47951657072377,-0.838375547418446,4.26313416418477,0.0389479997714691,0.155889515359716
Eps8l1,-5.46136139209973,-1.04174642059733,10.9276122612123,0.0009474152119158,0.0115525397236357
Fam131c,1.97188809855433,2.92572106090693,15.5653425292518,7.97022205480307e-05,0.0018960114548821
Hspb7,-6.38553840365135,-0.678138594683482,11.1981644075562,0.0008187828730706,0.0104378492893999
Nectin4,-2.52336782316961,-1.42371374964582,15.8101139709722,7.00271813287115e-05,0.0017464189090807
Neurl1a,-3.13666045590529,-1.56326864717867,8.5609602688165,0.0034344821666295,0.0293916659077836
Actn3,-5.10416323820633,-0.423462625503956,10.7491947747928,0.00104324701329,0.0124550759928716
Nsmf,1.59200557378633,6.634069388105,61.0919529419866,5.4470326827826106e-15,8.707626446696279e-12
Prkag3,-2.21739328624409,-1.92115624701583,5.09936480871023,0.0239346066473361,0.113167294251498
Snai3,-3.11083035529087,-1.69154401886594,11.5080095796653,0.0006929694092489,0.0092934639062529
Atp1a2,-3.95087882428964,1.19328241429682,11.2464693926379,0.0007977461402775,0.0102185655436511
Casq1,-5.15308396908668,-0.786936845795633,10.1352768300846,0.0014545839657311,0.0157861366437052
Tcap,-7.93837246162171,0.991922006583594,10.1833144865762,0.0014171720580414,0.015498593391357
Rab25,-3.19246968755092,-1.67603508988112,11.7424765923051,0.000610896788067,0.0085216370454104
Tbx1,-6.36724882454263,-2.02325209762652,8.15590994878725,0.0042921058918206,0.0340683241244515
Syn2,-2.52553277822511,-2.00384378333452,4.40992637250025,0.0357303832567421,0.147212862562443
Zmynd10,-2.41448301866213,-1.56960397840183,7.81293029477981,0.0051873722717447,0.0392824884586036
Epn3,-2.98552422749777,-1.39378550606605,12.7848989993837,0.0003494286311742,0.005758727936033
Pax5,1.51470023593368,-1.07029139781485,5.86533995274966,0.0154418762425832,0.0831228341536182
Kif1a,2.21729188538633,-1.17738159261325,5.83110309679428,0.0157452475105519,0.0840974028411904
Tppp3,-3.93696942165448,-0.964779256331541,12.0183098933896,0.0005268045082356,0.0076188722650776
Clic3,-1.52131632677916,0.330859170696566,4.98211285135945,0.0256106866808751,0.118361502538442
Lonrf3,-1.96804378836797,1.34479806714192,31.0094130921904,2.56780062753374e-08,3.39246783733507e-06
Eef1a2,-7.02723631264366,0.404561598140155,11.5181893205339,0.0006891848662744,0.009258243085935
Slpi,-3.34876493980565,0.870394260850773,10.0576157861399,0.0015171944485432,0.0162996441225895
Cntnap1,2.92952497481189,2.20214604606883,23.7160238254704,1.11649065928788e-06,7.12978179205529e-05
Gsdma,-8.20868225973985,-2.42520615790195,7.26384432610421,0.0070356526907193,0.0482712205638795
Tnnc2,-6.80298103515913,-2.82422336858664,4.46830327249489,0.0345292641403756,0.143223875596275
Aldoc,-2.43178675789709,3.87874929151931,54.6719260780492,1.42426391642254e-13,1.4230176854956701e-10
Gdf9,-2.04845808932551,-1.05608706112517,13.2539312687519,0.000272008818631,0.0048314810829286
Abi3,1.9868849950626,1.82916481841202,40.5926937833124,1.8750646513093801e-10,5.55088583626514e-08
6330403K07Rik,-3.92352425967638,-1.52413878576147,6.66497163276317,0.0098326220505369,0.0611374158303711
Ybx2,-4.58493729115428,-2.47796733321688,6.41144672239879,0.0113386994445085,0.0672830175649271
Slc2a4,-4.38953298045671,-0.212075703574932,11.9201322365332,0.0005553053874353,0.0079189223225168
Dusp14,-2.86806523365444,-0.207814173078859,26.935326862964,2.10378217496242e-07,1.9217749627971e-05
Mb,-10.6224329627913,0.405596839087326,7.90988407198034,0.0049165420157308,0.0376056653892217
Aldh3a1,-8.2360949643983,-0.327716245675779,14.837154877411,0.0001172035659084,0.0025526106329879
Pdk4,-2.59850317982642,4.68159134493434,14.1365918659394,0.0001700044357078,0.0033551739620069
Krt10,-1.70627831527713,1.08840158362328,18.0476254038252,2.15447194091495e-05,0.0007235585808291
Trdn,-5.64867048319127,-2.50446754363993,3.92517862230394,0.0475681368149787,0.177501485843521
Lrp11,1.51106110640326,0.870742490309062,15.9140561515986,6.62846162089369e-05,0.0016713341872493
Hebp2,-2.50457504040252,-1.83673696658432,9.82487357437539,0.0017216753474643,0.0179099072366803
Pkib,1.55719899878648,-0.997121541767278,6.0873567254536,0.0136152627458062,0.0759698395303516
Cdk1,-2.01950107778922,-0.663436345165829,8.48468639177921,0.0035814831212919,0.0302129758189835
Moxd1,-5.1569915423879,2.58265298350066,8.10932517420424,0.0044038117890235,0.0345942679407031
Rfx4,2.02129303947027,1.92525611402944,16.1783198036508,5.76501589645772e-05,0.001538556663118
Cry1,-2.23352185588932,3.64236627426863,68.7825171859403,1.09943034109062e-16,2.52368300461372e-13
Ascl1,-5.43050613697008,-2.65152613204819,6.5030484495386,0.0107689696151889,0.0650242981465816
Mybpc1,-9.51395424732323,0.211876841488478,11.2442766172948,0.0007986891487113,0.0102224537480376
Mypn,-5.82106998275716,-1.5248407030817,18.8477952574564,1.41574646466972e-05,0.000517897551126
Rab36,3.45150646646177,2.88352992166241,81.7651292804507,1.5325888260569802e-19,8.16665499111565e-16
Jsrp1,-5.62061071648742,-1.98603081241227,4.87120276310759,0.0273084607020592,0.123354917429533
Pgam2,-3.46222790872207,0.168878211556366,12.6804337155488,0.0003695018510417,0.0059808146961355
Srebf1,-1.70734455769735,7.98128532915058,22.3372453185654,2.28727127921966e-06,0.0001260838574813
Nampt,-1.62433026342576,5.72733647765514,34.4647908561494,4.34031969907847e-09,7.91014334693388e-07
Arsg,1.88297606198293,4.04176690792157,29.1973169783838,6.53696631329675e-08,7.57245967277984e-06
Map2k6,-1.58725799416332,2.15737490893393,12.4576157913385,0.0004162909766066,0.0065052077732486
Pfn4,2.16496746114804,-0.784504595120157,11.9377132650115,0.0005500895658236,0.007879687992166
Rsad2,1.78142812611856,3.0783707677073,19.3864796029375,1.06760218967327e-05,0.0004132370122062
Cacng1,-4.07077571275921,-1.82934406174661,7.2195015649781,0.0072115729697867,0.0491617081002179
Fbf1,-2.64589180192252,3.5923009420124,34.3841755282674,4.5238651443293805e-09,8.03538979969439e-07
Coro6,-2.57260014817418,-1.41227635111115,5.83787497960207,0.0156847586804125,0.0839145087901857
Cacnb1,-1.53841438926143,-0.635094652339672,7.30776474325043,0.0068657277892708,0.0475337914418728
Nr1d1,2.6280731322784,6.58902580853068,36.0634954092049,1.90991452779572e-09,4.12593157315438e-07
Sptb,-2.10807625865229,0.655158521749437,15.4948814482681,8.27289718323048e-05,0.0019420049100018
Asb2,-2.31102544997498,1.18905641386666,16.120384841368,5.9440777925712e-05,0.0015610563009484
Fos,2.08563051149717,0.678766711170427,6.25579406974144,0.0123787747538837,0.0713106642218325
Pitx1,-7.19535009571513,-2.33216110309382,4.70718315513465,0.0300368294771453,0.131121997821312
Ckmt2,-7.95657689603466,-0.805661271207456,6.33536255976218,0.0118353920462328,0.0692195902981718
Sftpa1,-2.69451023039317,-0.0262033945474759,28.6370626128408,8.72952653384925e-08,9.69098688681348e-06
Ldb3,-6.31566005882878,-0.490457820918326,9.23247213211226,0.0023776041861483,0.0224106017215608
Mss51,-1.6922133574632,-1.28381396853134,7.32423953919209,0.0068030743161565,0.0472022335147908
Plau,-1.55345544545772,0.541153608610532,5.31390888016643,0.0211558382237529,0.10332943166664
Rnaseh2b,-1.85313832239463,1.69193364489118,42.3251294113887,7.72930111465442e-11,2.52164505344624e-08
Anxa8,-2.17863032574096,-1.50428902001515,6.37059404114555,0.0116026749040906,0.0683924635017669
Amer2,-2.44856939770153,0.183291013931386,14.6081666496908,0.0001323397915569,0.0028170225137548
Tsc22d1,1.58102279083855,6.22939396110238,7.91053913949298,0.0049147620097822,0.0376056653892217
Cnmd,-1.75971842318862,1.4663127552682,17.6765327673358,2.61837110538889e-05,0.0008388232563275
Tgm1,-2.98946755941201,3.48427186975152,46.4919746105215,9.19944571208274e-12,4.595698098542331e-09
Ropn1l,-1.63165833565956,3.13922829348267,34.9322585133966,3.4137784383377705e-09,6.77203309253571e-07
Wnt7b,-3.63980563934817,-2.49457864594626,6.87188251642472,0.0087562365776591,0.056238327814568
Srl,-2.81536266791023,0.655041770871862,16.1791082990942,5.76261665399604e-05,0.001538556663118
Sdf2l1,2.24636261237794,4.97215793467443,16.2023627375511,5.69230750148328e-05,0.0015242817898478
Ehhadh,1.56025011373807,9.58185008094102,22.9275120993879,1.68226749109265e-06,0.0001014819928777
Gpd1,1.62271539999305,8.58637065992876,59.2546522421463,1.38532438901909e-14,1.70352274483533e-11
Nr4a1,1.75071949779245,2.55698572566599,3.99609841797746,0.0456057175183635,0.172761374466483
Csad,1.69973771199971,7.457882991502,8.56286054972546,0.0034308991623268,0.0293767295173842
Fabp2,1.54607247628884,6.068559117603,20.5942159765331,5.67673648296572e-06,0.0002563511565443
Fhl1,-2.7980443792003,2.59414582982415,23.7755009947626,1.08251577843641e-06,6.94983824662027e-05
Serinc2,1.86146109118034,4.07363362338123,31.5457159957198,1.94799660629668e-08,2.6498490736493e-06
Creld2,1.69170808876516,5.81769852749814,10.7850075551293,0.0010232548667273,0.0122346688851928
Pi16,-2.80287474978016,-1.57881709142183,5.24593040751294,0.0219981616948449,0.106481388143178
Myom1,-2.68772227952172,0.45966065618403,12.2844928236739,0.0004567375041852,0.0069273299259071
Mapre2,-1.50078741316801,3.91557322157545,50.6834621594577,1.08530211756433e-12,8.674819825691671e-10
Dtna,-2.16576583155198,-2.23370153901835,4.25778465355139,0.0390708424028452,0.156342049224501
Myot,-9.37258900857518,-1.12586657640046,8.17803727525122,0.0042400613123955,0.0337389846391018
Pcyox1l,-1.72987527873241,0.403779308090764,25.8628583426144,3.66554734663944e-07,2.89709631349419e-05
Camk2a,-2.94392954912534,-1.59212983088293,9.64317425836064,0.0019005651046463,0.0190844433183899
Keg1,-1.79563975575864,6.2098581843545,28.4204343631185,9.76293666099134e-08,1.04450183097556e-05
Gm49405,-1.57471230703969,-0.0718949592813943,15.7724182930097,7.14363747143714e-05,0.0017705145522231
Cyp26a1,-2.02492624065742,4.09950469774633,9.49722341189509,0.0020578306507396,0.020206683527472
Col17a1,-2.03749891969414,-1.2527742320234,6.73831416230321,0.0094363757084539,0.0592802166610389
Cbr2,-4.72517562203717,-2.57614644244601,8.18430324193791,0.0042254404795645,0.0336561492308517
Agap2,1.81443674417895,1.48325697627773,15.574424615078,7.93202796621611e-05,0.0018953871310602
Cox8b,-5.48125658260385,-0.523424931086004,7.56179440004564,0.0059618601788306,0.0432032170529405
Tspan4,-2.03543566033223,5.23287917524391,45.1327668349429,1.84118808287778e-11,8.17589797024561e-09
Tk1,-1.94147043230709,4.62526881492427,48.9598699830768,2.61253294257792e-12,1.7401646508354402e-09
Col7a1,-1.8640317916204,-0.86585214715155,10.677085446884,0.0010847083054878,0.0128636105130031
Homer2,-1.78631877517532,4.27795752065245,47.0313555271997,6.98600707004594e-12,3.7226103007251503e-09
Coq10b,-1.61194913717294,4.27743127884931,13.6868444654964,0.000215962046445,0.0040425869724482
Npas2,4.05131340705709,0.601277306252361,13.810892464869,0.0002021607990777,0.0038336210368413
Igfbp5,-1.75952775404379,3.63900303947597,6.48124863278916,0.0109018373424731,0.0654929619529407
Des,-3.02888846634729,3.13502452796605,16.4994673353702,4.86637437224996e-05,0.001357659000258
Ngef,-1.78612568938122,5.13787478816455,37.5336919610452,8.98474986825458e-10,2.17621532415027e-07
Cacna1s,-8.47804103745587,-2.0754346452691,6.18492373802158,0.0128843255803673,0.0733768538395978
Pkp1,-3.05291306172651,-0.759797753129263,7.34490645555887,0.0067253031507099,0.0468252161007184
Tnni1,-6.91632747835292,-2.45565814928477,6.6036977994095,0.0101767201002196,0.0626361393975991
Rgs16,-1.93455933315667,6.11508222926783,5.24570573805408,0.0220010024419441,0.106481388143178
Styxl2,-6.46104565829351,-3.14545905970995,6.17297938536418,0.0129715973755251,0.0736418348021189
Adcy10,3.2913960501934,-1.54251064718003,8.08523471207469,0.0044627350827262,0.0348516282523015
Prrx1,-2.46430252927331,-1.17048231470617,7.15658085129186,0.0074689436342639,0.0504003938106137
Lamb3,2.06920367906904,3.83386306476296,23.4862052969809,1.25812624397404e-06,7.82583896348989e-05
Fmo3,-2.68191725647316,6.98498922695574,5.70231042116529,0.0169425962678085,0.0884823077220474
4930562F07Rik,-1.68005760808793,-1.13966168297093,8.38588832184261,0.0037814535132097,0.0313267568598229
Plxdc2,-1.74715286372834,-0.856531249253024,7.62604756900426,0.0057531242744016,0.0422071797386807
Ak1,-5.64648271807322,-0.0685324124722503,17.7687221029806,2.49450565088676e-05,0.0008088674915836
Upp2,-1.68960076481196,7.51924982039823,10.3605940203744,0.001287337742307,0.0145334612630792
Hspa5,1.81044435155229,9.66108920031951,33.0678186630755,8.89996571897424e-09,1.36802742291848e-06
Neb,-1.69872748867653,3.44893379853478,10.4104565362503,0.0012530376265071,0.014311617800347
Xirp2,-10.4215785531683,-0.563646198349672,8.04663074546235,0.0045588361887445,0.0353774540355682
Smtnl1,-7.98271603233823,-2.42954355379649,6.24795030458698,0.0124337102682474,0.0715111910062367
Elf5,-1.81264276203026,-0.892453910905163,10.6919255127663,0.0010760415008944,0.0127807322614334
Map1a,-2.07828291399939,-0.763253766131236,11.524828290136,0.0006867279381157,0.0092407683659244
Knstrn,-3.39713938882037,-0.42521853191621,33.1841139783165,8.38326286420395e-09,1.32687960541747e-06
Adra1d,-7.13945431358382,-0.318321450317804,10.3977366616314,0.0012616986801856,0.0143249397027333
Usp50,1.50573710203023,0.393292989261718,10.4412538872751,0.0012323158434435,0.0141419964632368
Tgm3,-7.76106400078447,-0.792533909953112,7.95041392761992,0.0048076379400578,0.0369237324147354
Mylk2,-7.63511816579813,-2.38430735078778,5.16055084731279,0.0231055679821792,0.110357218333766
Bpifa5,-8.52486779555472,-2.48797943572299,8.62779677290498,0.0033107174927929,0.0285310672990768
Fabp5,-1.55945353560779,3.56288680099828,4.69454391556704,0.0302585284959423,0.131801862816385
Car1,-1.64914199583494,2.66964488950735,26.5132972205575,2.61730318834977e-07,2.29891256972305e-05
Chrna4,-3.10914596579125,1.44198754803788,9.4939166006739,0.0020615427722346,0.0202244679322466
Ect2,-2.12564942702038,-0.178911748214183,17.3318526956211,3.13881271377659e-05,0.0009612463609661
Slc7a11,-3.36400766832877,-0.920561872069679,4.95616756637497,0.0259977637468285,0.119616030541518
Casq2,-6.49452132875315,-2.22286398600776,7.45137273337399,0.0063388087333851,0.044956608878392
Tbx15,-6.07911676032476,-2.44072062510275,4.82691684672822,0.0280186933586369,0.125428964444461
Sypl2,-4.36425082328446,-1.84587119328475,6.31366086757745,0.011981119997553,0.069723401631191
Crct1,-10.1195842753736,-1.02582400378151,8.08194492864448,0.0044708436864659,0.0348979038925025
Lce1g,-7.02787424913962,-3.05300536030046,5.17877586430636,0.0228644270172294,0.109499919202345
Lce1b,-7.87106832167353,-2.44964487383213,5.72183214031961,0.0167552378178731,0.0878194202480392
Pmvk,-1.64809591321533,5.44496901072821,28.320237321127,1.0281547228929e-07,1.08848221193152e-05
Cyp2u1,1.94433872641452,4.64929743508905,17.4388977936374,2.9669202397138e-05,0.0009203709720392
Ptgfr,-1.54797958620934,-1.10730759673959,3.95677675907564,0.046683011419174,0.175346480391662
Efna3,-1.94724412568396,-1.04838327350068,7.57434234962974,0.0059204977456798,0.0430204895283813
Hcn3,-2.09390553598639,3.55049246590621,15.7800373308362,7.11492671941313e-05,0.0017661369337971
Myoz2,-7.33191375771236,-2.21874577543102,5.37982140562266,0.0203709632948124,0.100664673641691
Them5,-3.25538391370963,-2.05232230856342,6.45628116113748,0.0110560796067529,0.0662204902935752
Rorc,-2.76870187079079,5.92608926062936,108.559266306192,2.02697839864015e-25,3.2403276680661502e-21
Bdh2,-1.74399628806349,3.17642286645473,34.4584917570077,4.35438893112837e-09,7.91014334693388e-07
Nr4a3,-3.11925047403262,-1.71801603960164,6.67068664496117,0.0098011420669255,0.0610128726954331
Cavin4,-6.7684284125674,-2.89446364831151,5.55011627007122,0.0184794593820726,0.0940505054701728
Fmn2,1.87769547705198,1.10032062515205,10.2194934636789,0.0013896401124524,0.0152994399708439
Ptgr1,-2.60526239164091,1.3159638280695,34.117142938145,5.18920862326009e-09,9.01681402732997e-07
Tpm2,-5.12118416548282,3.11308332695375,15.6730966338631,7.52874952809405e-05,0.0018318811256638
Ak4,-1.86401544561784,6.88617757361169,42.1432766836942,8.4825075126415e-11,2.71202730194174e-08
Cyp4a31,1.72731186505006,6.22895610647876,11.3376753899054,0.0007595033604642,0.0098630550124955
Pdzk1ip1,-1.89230497024285,0.554360778867491,7.16373812300832,0.00743920043673,0.0503058621749439
Pla2g2f,-6.29812642903978,-3.05686581601565,4.29381680671001,0.0382512030433967,0.154064936218629
Trim63,-4.14173680704661,-2.3534247335789,4.58463489674828,0.0322598432874621,0.137228806491051
Smpdl3b,-1.85956807269946,-0.411237079057849,11.4844358995057,0.0007018142461112,0.0093299382579512
Per3,-2.26568690815982,4.40121093549117,8.13897942009582,0.0043323661369897,0.0342518323768137
Mthfr,1.57994717257696,3.6257348544446,9.63592028673082,0.0019080857792877,0.0191359217488669
Plch2,-2.84027206260273,-2.2409528984757,5.0626852613718,0.0244463320632822,0.114839572249083
Evc,1.5200630417568,1.46600195395774,5.80956996166967,0.015939191475018,0.0849192951841313
Cgref1,2.25211832787297,0.436533176965551,12.6686853853282,0.0003718308799053,0.0059920246433128
Nos1,-3.08632502142416,-2.03971565972403,6.89186296536283,0.0086588980537172,0.0557700017271251
Aacs,-1.94084725471316,6.02359973326846,14.1893198382624,0.0001653061227674,0.0032880801532964
Slc46a3,-1.81976568336426,5.57467232126597,38.5311890584088,5.38856369805425e-10,1.36732665519199e-07
Lmod2,-4.49996489483206,-0.973261465773161,10.4055097737173,0.001256398739768,0.014311617800347
Sspo,-2.17842766080558,0.618484662709112,27.9774882824417,1.22735001471643e-07,1.24179856552258e-05
Nfe2l3,-1.97415355770484,-1.24739444229156,7.46088827727529,0.0063053885132022,0.0448112977522307
Usp18,1.51108587356843,2.55772305408814,14.569158180421,0.0001351078889666,0.002849386164936
Mug2,3.5676666213141,7.74728981107016,11.0506112894923,0.0008865796193068,0.0111072584594349
Erp27,-2.93790787553142,0.0604478742273256,20.4257038542611,6.19915612440516e-06,0.000272251950013
Cidec,1.77393146582714,2.3051166633098,7.29313722620367,0.0069218499434561,0.0478013012153388
Atp2b2,1.61551984082719,1.39181114964987,8.86247427163676,0.0029109273733846,0.0260257746034264
Ckm,-11.6925283064339,1.44110354220351,10.236277341706,0.0013770521940803,0.0152554098229855
Rtn2,-2.20505413279246,-0.282394209806121,8.84508082851788,0.0029387988313348,0.026187089251794
Sbk2,-5.63940299830659,-2.2208214990195,5.21750608499455,0.0223605968237266,0.107602799766434
Cyp2b10,-1.90089386277266,5.15996957138882,10.21770709433,0.0013909867315811,0.0153037260089852
Lypd5,-8.57030438563603,-2.3837246571045,6.44348637699451,0.0111359882291771,0.0664912777197361
Entrep2,2.78961539343577,-1.14896943030084,10.8538484555811,0.0009859065125365,0.0118858985742154
Mesp2,-2.33820385468684,-1.22117912248279,6.8193881579144,0.0090173456120675,0.0575900263360961
Synm,-2.54787113310229,0.892289448882892,15.6617409773448,7.57409015134493e-05,0.0018356878787491
Ryr1,-6.56648483114312,0.493998155678864,15.949558400899,6.50529531815255e-05,0.0016506928723172
Mylpf,-4.46436110889635,1.49048573057696,17.0042213616878,3.7296804681519e-05,0.0010939939809885
Atp2a1,-8.16242534225546,1.95825231255886,12.7778313139113,0.0003507513293204,0.0057686324593794
Cox6a2,-6.16452085695763,-0.262436919526381,9.60488506832291,0.0019406042230067,0.0193769513485238
Stx1b,1.79931569138278,2.69798423520181,30.1007551538111,4.10171463924661e-08,5.08294652891445e-06
Fgf21,1.93510612590052,3.79487546661965,8.53973464079382,0.0034747628632516,0.0295465740063515
Art1,-7.24219919939639,-2.41155544797719,7.48761349876209,0.0062124835632216,0.0443360545721698
Wee1,-3.02529187473952,3.58535154074038,16.9178477363266,3.90328508483255e-05,0.0011256762249121
Tnni2,-10.2719741043412,1.7845878248869,12.0140625452477,0.0005280063935083,0.0076248511351615
Serpina7,1.79307369386595,5.46716550008316,12.2451391677777,0.0004664717422948,0.0070548886209327
Itgb1bp2,-3.40830857452579,-2.09287127106281,6.50139288122271,0.010779001604475,0.0650483652884625
Nsdhl,-1.54430975475266,5.29776242124426,14.8710359081873,0.0001151170403561,0.0025174569181027
Trex2,-6.38189107136823,-3.10086866157586,5.19851174798359,0.0226062350868969,0.108523505735476
Myom2,-10.2287811697788,-0.714260451622449,7.62814666291881,0.0057464322236146,0.042177440554042
Pdgfrl,-3.57076190293066,-1.17290636884995,20.5129646077835,5.92287210066414e-06,0.0002630084261144
Slc25a4,-1.62413095449766,2.98946050230377,7.82891657288425,0.005141691022112,0.0390104758801531
Pdlim3,-3.12683422094476,-0.947869102393074,6.90411390012387,0.0085997637041249,0.0554354470656405
Lrp2bp,-1.74081293219741,-0.0922615050831305,10.1894096189889,0.0014124953156607,0.0154870714102558
Irx3,-2.80281497256696,-0.411264383309744,15.2284763294995,9.52561713953067e-05,0.0021722755434028
Mt4,-9.30933908584132,-1.5149265244466,9.36348382709504,0.0022135102050861,0.0212141331765626
Tmem38a,-1.77463283518003,1.47512634547042,11.4652188125692,0.0007091088118041,0.0093839515442889
Pbx4,-4.2881242173059,-1.92864558413363,6.15607098830057,0.0130961792517187,0.0740716078363435
Lpar2,-2.36179069609179,0.203997717165234,7.66720622099652,0.0056233458830049,0.0416951796315941
Acta1,-15.1388089463376,4.25911382407819,26.793233862653,2.26428744574422e-07,2.02217313450654e-05
Usp2,-3.16655672816017,4.97247296117237,11.8263296585637,0.0005839899609805,0.0082291860847734
Trim29,-5.1554188121333,-2.67155170535533,4.084948977087,0.0432667575843235,0.167030922609089
Barx2,-6.86239166748068,-2.94245525293767,6.97050922199332,0.0082863912513603,0.0539797271981444
Cryab,-1.77111507699204,1.86180103010056,12.4109045509638,0.0004268340650826,0.0066310683813519
Apoa4,2.98771783904532,7.53424674976826,37.6818973209858,8.32737809028224e-10,2.04802255617311e-07
Treh,1.65414843092679,0.0829738951074215,7.37406874002399,0.0066171048355255,0.0462727890174138
Hyou1,1.65311839471824,7.683968803454,21.2334048518963,4.06615635768661e-06,0.0001951999265284
Olfm2,-1.98824198591956,-0.0618266474993914,12.5338195808641,0.0003996520083784,0.0063130800453926
Fam81a,-2.03780519838594,0.493163702209198,15.873672316528,6.77141765887424e-05,0.0017020107341944
Elovl4,-7.41510155676781,-2.78944982977838,9.3327143932218,0.0022509867317859,0.0214959820157291
Acsbg1,-2.89529951129722,-1.01237980232559,4.31106310580237,0.0378652914785288,0.152895819544269
Nrg4,-1.5090213610386,2.64548149558975,19.0472061982297,1.27524335330895e-05,0.0004729939732249
Dclk3,-1.91281095954469,3.59792095242805,23.8322951319597,1.05104158293114e-06,6.77498013900691e-05
Manf,2.11336296933839,6.68688148848105,25.8408672632652,3.70754764503915e-07,2.89709631349419e-05
Cish,-2.19205990436497,2.8021503074575,4.90655134871888,0.0267550085764426,0.121680104438979
Mst1r,-2.18354381797712,-0.936648766387687,16.2217221256096,5.63443337286956e-05,0.001514541071632
Fhl3,-2.57495613126721,0.481625962992798,18.2992090453609,1.88785535574219e-05,0.0006504149938985
Pygm,-4.13753368978558,1.99168761155858,18.744105626754,1.49484686735424e-05,0.0005349527767445
Alas1,-1.7572163954785,8.49238126248967,8.59109747814015,0.0033781035767058,0.0289712252023711
Pdxk,-1.5699494839668,5.19929620716107,31.6755430939468,1.82202311839775e-08,2.55498785707951e-06
Srxn1,1.70551777336036,5.26044775863455,70.1780634575032,5.41856652952552e-17,1.7324240908199e-13
Alox12b,-8.31692021563768,-2.3723360300787,6.07433606062936,0.0137159844982563,0.0763453092580517
Igdcc4,-2.60295403648434,-1.48108826940602,6.79136281561422,0.0091599954433426,0.0581770707815953
Cspg4,-2.42906317687965,-1.94118565389207,4.78085949531709,0.0287777537989599,0.127657872247388
Ucp3,-3.60158939402299,-1.95444870468926,4.49102792118818,0.0340731840124101,0.141926873039783
Dhrs7c,-6.25424977283057,-2.77368779002248,4.59858606743929,0.0319983358527847,0.136771496508721
Myh2,-9.4970598525424,1.02871586204648,7.11922440174092,0.0076261691187101,0.051065136506668
Asprv1,-8.33642175765402,0.429322873249785,15.6883260877641,7.46837002927431e-05,0.0018199598062191
Calm4,-8.41315349027568,-0.996946911698667,6.3620173908601,0.0116588907517302,0.0686311391753802
Scx,-1.5991756179228,-1.82484853824559,4.57553572478633,0.0324316036143268,0.137593316183288
Evpl,-3.15083089269315,0.191555557657228,16.999626386715,3.7387174504183e-05,0.0010941513122464
Ifit1,1.84273232279825,2.8032766000095,12.6151101070647,0.0003826409978292,0.0061414648507013
Asb16,-1.75593958075705,-1.02507666900003,7.49131606716328,0.0061997229591801,0.0442845269103903
Dsg1c,-2.58999107807676,4.21550768852503,30.6082499018646,3.15748293899892e-08,4.03804178102694e-06
Nat14,-1.62544483268641,-0.697488603360801,12.9293093104708,0.0003234771159492,0.005443268605857
Ccl2,-1.95944774203277,-1.02168723701019,5.61612508497348,0.0177959524677814,0.091680984901693
Ccr3,-2.90682926775618,-0.333966618337363,9.27694457224148,0.0023205619599921,0.0220173046183302
Plk5,-1.51820390423875,1.01694073347703,19.5444496838348,9.82858775754325e-06,0.0003860437442066
Thrsp,-4.87841620070356,7.82472634636244,43.9145137471092,3.4303568441387296e-11,1.3375045002537e-08
Isg15,1.95651998083724,2.77934666836671,17.8185274276268,2.43005464610459e-05,0.0007935996226449
Krt20,-3.64492014777126,-2.27558710355439,5.33493279231945,0.0209021460440426,0.102528906615546
H1f2,1.61632157189305,5.10177504317963,15.9433059791584,6.52681832843467e-05,0.0016535296006078
Cysrt1,-7.41134196515964,-2.66216973772283,8.8367445848164,0.0029522528650819,0.0262923199449585
Hspb6,-1.56211110367478,3.30021178969075,17.5538692097934,2.7928190991145e-05,0.0008840793290781
Nodal,1.67572464720386,-1.00559927997946,5.84972500729548,0.0155794855293507,0.083603106972877
Krt80,-2.47666479377152,-0.691989607893631,9.98454491537098,0.0015785956435512,0.0168169998359705
Prf1,2.03256421104962,-0.974708718049936,14.235936452065,0.0001612613701521,0.0032426720292486
Spon2,2.76938469139301,3.55844395740668,24.763481560371,6.48138690435711e-07,4.52451751323374e-05
Vnn1,1.52136573340827,5.77058482959851,4.1882143174749,0.0407059521780133,0.160435244457032
Osbpl5,-2.22978075389073,2.53653452741187,25.8544767473975,3.68149863291401e-07,2.89709631349419e-05
Nmrk1,-1.76815029220482,3.45062806677287,20.2358393741319,6.84583129856026e-06,0.0002937719729059
Ankrd9,-2.30442988806936,1.66136741005257,25.8774699091113,3.63790508746276e-07,2.89331098150147e-05
Ddx60,1.7581557795924,1.53935351316013,14.072292097363,0.0001759162733409,0.003446320521603
A4gnt,-3.4596990892612,-1.62983185838901,5.50165239747539,0.0189985130486399,0.0960196742319181
Wnk2,-2.39039134441281,-0.855974896546478,12.0566951781703,0.0005160669857941,0.0075686668210142
Asb10,-3.27474585272689,-2.51054798224973,6.16263642797617,0.0130476593492988,0.0739120773769986
Hrc,-4.66514273525792,-1.0095265815032,5.66006438300628,0.0173554859137073,0.0900502427187684
Aox4,-6.63793873361236,-3.16362565662285,6.86262967808664,0.0088016922649555,0.0564622201234267
Txnip,-1.51957474227248,6.55287349059261,19.8506898632921,8.37325096841177e-06,0.0003485801822422
Egr1,3.9419003696657,4.77975468775314,17.4775132216769,2.90726102323541e-05,0.0009095004837072
Srcin1,1.56593703653296,-1.00247336959062,4.61721096959376,0.0316526651003387,0.135984817063696
Atf5,2.15443586413494,8.81665375888923,45.6947090895396,1.3819554352939899e-11,6.497629290767541e-09
Ciart,-3.14560809748849,2.81332353298894,8.76882951998449,0.0030642202618519,0.0269887741630664
Mybpc2,-5.12870247602359,-0.418987203432908,7.76084097447668,0.0053391095052084,0.0402219625590301
Alpk3,-4.27046098054683,-1.99559220739119,7.15750290887154,0.0074651050645155,0.0503957641728655
Lefty1,-1.54602307491212,-0.431381759655404,6.98604821464858,0.0082147527859878,0.0536880776928868
Fam117a,-2.74202916852068,1.34436809372641,58.9313603945962,1.63269187851646e-14,1.86430088356887e-11
3930402G23Rik,3.42267850125552,0.0955398832926723,16.2298993447921,5.61016599729714e-05,0.001514541071632
Eme1,2.05962533820584,-0.112335545286063,5.10600625917596,0.0238431448320085,0.112841426025474
Synpo2l,-3.69468889520532,-1.83633326890419,10.1613410940013,0.0014341625819563,0.015602533057278
Ppl,-1.63696632053801,4.31598459202872,12.2369819929985,0.0004685154940118,0.0070791008386332
Cdsn,-6.94229242785237,-2.14993126807256,4.39451765517727,0.0360546571212067,0.148128951102444
Lonrf1,-2.04790709815015,2.77728739930969,23.245877785353,1.42555674739763e-06,8.68923829845119e-05
Txlnb,-7.18345748881875,-1.43944698643167,8.93296535095356,0.0028006927712401,0.0252662949441565
Stac3,-1.75259899200803,-0.826569749180527,6.5565542947177,0.0104498519936392,0.0638331425182715
Igsf23,-4.44428747314588,2.19558235663199,9.67808464471207,0.0018647892671166,0.0188955196474853
Abcb1a,-2.3087579840797,3.30215019254201,30.1604500140109,3.97738258152873e-08,4.96737796471237e-06
Apobec2,-6.0751042481007,-1.25611139168412,8.94820033808312,0.0027774307381733,0.0251131265726465
Cyp2s1,-2.24275769514324,-0.517480108203836,10.0163254317676,0.0015515871550679,0.0166021902683503
A930016O22Rik,-7.87103980879253,-2.60632858043497,6.63523858777324,0.009998080403048,0.0619253441778868
Esrp1,-2.23243099376973,-2.18856017422308,5.03979584767179,0.0247714091404477,0.115788229976373
Snrnp25,-2.08567285522984,2.87523335034311,5.85008005982469,0.0155763425743201,0.083603106972877
Npnt,2.93767969914671,0.451698778130908,13.1728908888057,0.000284028225031,0.0049568506608577
Nbl1,-1.64337474021785,-0.0635743918983774,4.73011513066808,0.0296389012400841,0.129774712468908
Pla2g5,-4.12204130628379,-0.893298018744496,4.81559320810278,0.0282033626501644,0.1260791262096
Smpx,-6.16225251526403,-2.58304148505304,5.3210791428009,0.0210689596233548,0.103188844527865
Serpina12,1.8346784102118,4.9850591237652,6.54717912496017,0.0105050581418434,0.0640968929219496
Slco1a1,2.90296297422936,7.30521239473761,21.0333028553905,4.51369163650485e-06,0.0002122231602975
Phlda3,-1.94681253429171,0.37440179666498,7.49833552643719,0.0061756043364563,0.0442110214610795
Oasl1,1.71328480875248,3.0758572491791,12.5904581537268,0.0003877210899695,0.0061919174268261
Abca8a,-1.64985635183331,6.49028172670571,32.4745728277179,1.20762278501971e-08,1.80421101320795e-06
Shisa4,-3.71580929754882,-1.96367103750182,7.72732228228802,0.0054391354956102,0.0407833114600497
S100a10,1.56225551690601,5.23516683291113,17.083745331535,3.576712368923e-05,0.0010687350267215
Rptn,-11.4492813078681,0.329726083072682,10.4689408135626,0.0012139830159164,0.0139918763463886
Hrnr,-7.38108088290621,-2.12828619347814,6.25956720210512,0.0123524376865417,0.0712359555761386
Lce3b,-6.83307066193126,-2.28102508155595,4.76161525385979,0.0291012259659423,0.128455217739869
2010003K11Rik,2.67147447372391,4.2147678013739,42.36611722452,7.569001215069229e-11,2.52164505344624e-08
Sln,-7.31066758860044,-2.0228531851536,5.42441764613534,0.0198570567802416,0.0988278050090106
Lce1c,-8.67375909294857,-2.34851758276724,6.49543099624844,0.0108152073953106,0.06514389804877
Lce1f,-8.07380598539587,-2.51264518691087,5.99844074147038,0.0143185277400349,0.0788209312851919
Cilp,-1.81720833863852,-1.71066864684616,4.27338061849729,0.0387138364699095,0.155146500327895
S100a14,-5.33120401568078,-1.3997363011793,7.5209071710346,0.0060986959439059,0.0438493960315443
Cux2,-2.96180528839596,3.75657549565302,13.1947161421535,0.0002807395197253,0.004931760398165
Maff,-1.73764731659331,2.88353416229123,11.4704492835076,0.0007071158371094,0.0093730959967101
Jph1,-2.66048417448871,0.411215539474097,19.827453836668,8.4756543381981e-06,0.0003515138011542
Ppp1r3a,-2.73560478602585,-1.67388571318584,5.78817654925414,0.0161343160464631,0.0855466588121923
Bex2,-4.09760445283087,-2.44106988476199,7.0960906689705,0.0077252266626716,0.0515638719956029
Nmnat2,-2.5773695769331,-1.24564086790674,16.806387687029,4.13937332768122e-05,0.0011816432502912
Gpx2,-6.01336985822143,-2.20150146335838,9.05867103105707,0.002614519401594,0.0240205213528058
Trim72,-3.3895907742497,-0.671880618429244,15.7651010748388,7.17132058408781e-05,0.0017746243166753
Abra,-8.61424431763552,-2.24252462185172,10.5243176966097,0.001178139016958,0.0136674385523156
Onecut1,-1.53984646658429,3.61979960152516,3.91543752159886,0.0478445601173906,0.178243565144863
Lrrn4,-2.4660880074903,-0.462609098284418,14.5305362704954,0.0001379059886727,0.0028855564593217
Loricrin,-6.67774327446982,3.36874958140897,22.2095703579059,2.44452256802249e-06,0.0001324682636352
Rnf227,-2.19754069454964,-0.709975829936134,17.0428928723444,3.65448957935554e-05,0.0010818642669551
Psapl1,-9.19226648522893,-2.04475366188171,8.54701210300948,0.0034608983163547,0.0295005469775397
Sptssb,-4.21732097324618,-2.90598495965309,4.38248027178598,0.0363101241008005,0.148713225959169
Adamtsl5,-1.8444842349012,0.387639497839515,26.492111006205,2.64616552249583e-07,2.29900011101187e-05
Ncmap,1.72028857616638,0.965381240850008,7.52494236403451,0.0060850501515659,0.0437784031156314
Krt13,-14.5863167778609,3.44738010872001,17.1275839697712,3.49509942189958e-05,0.0010545939209854
Dsc1,-7.19942416951935,-3.02886162223478,6.48350046832319,0.0108880350903412,0.0654346349451859
Shisa2,-2.14832760765847,-1.72051280145013,5.05477017212637,0.0245582389701626,0.115196011789032
Lingo4,-3.78156152106192,0.729119390526651,78.7066280166579,7.20534164386648e-19,2.87961478797124e-15
Serpinb3a,-8.65701777439284,-2.10185033839241,6.8603950625079,0.0088127062507827,0.0565101974027326
Klk14,-8.06115048948756,-2.64219386386877,5.62848436272797,0.0176709038165116,0.091183688964091
Mylk4,-9.07748283889058,-1.94090603890401,7.51569512749365,0.0061163677140086,0.043904918848739
Lce3c,-7.43367115504474,-2.07105900088735,5.57230017362185,0.0182467758340928,0.0934015236899801
Hcar2,-1.82184083068936,-1.10272443979792,4.53128164094029,0.0332806843845124,0.139642525307021
Sprr3,-9.63832167494913,-1.13796237549622,7.71799085434287,0.0054673207371463,0.040924153017996
Krt14,-6.95330500544315,-1.41357515372277,6.52398386409744,0.0106429336321652,0.0646055731665642
Smtnl2,-2.18842669322735,-0.378851274696482,9.68425345370959,0.0018585388564486,0.0188878589696051
Col27a1,-2.60708981924625,4.72925468552788,38.590173851258,5.2281472948e-10,1.34801875249472e-07
Sbsn,-5.81304110552943,-0.448428441271485,14.2189372452939,0.0001627246528652,0.0032638849444209
Hrk,-2.34062715586975,-1.69639783090249,12.6631317108612,0.0003729370078908,0.0059977575534634
Ddit4l,-1.65571057405399,-0.401033120580952,8.11752642312696,0.0043839334409225,0.0345154607096661
A2ml1,2.23797451181311,2.24949841914497,7.07680787809591,0.0078087994650375,0.0519265674908862
Sfn,-2.06696175362615,-0.232976030169464,4.73080200256241,0.0296270673326562,0.129774712468908
Cmya5,-7.34049152611779,-0.491589907322984,6.64070866131555,0.0099674277551107,0.0618073313006983
Flacc1,-1.79292250481918,-1.65691708471878,6.76245810810806,0.0093095434070728,0.0587766038331226
Nccrp1,-6.00104447749848,-2.18753915876626,7.49960851709353,0.006171240651983,0.0442110214610795
Sacs,-2.14487749923767,0.534580133690903,20.5764829552942,5.72956439041083e-06,0.0002572831919806
Mlf1,-3.13132353803822,-2.19716654074922,5.5958345321534,0.0180032326765458,0.0924164312115596
Ccdc57,-1.7899704599056,0.905593597140919,28.1656225076436,1.11365119438482e-07,1.14120692265614e-05
Prss50,-2.578063066514,-1.0088373510589,14.1706475797666,0.0001669547654336,0.0033103942415486
Nrap,-4.41371846381007,-0.0895949555496768,13.0055541198537,0.000310568426041,0.0052816455943534
Myoz3,-4.4762675135299,-1.84008971734067,10.0296160197959,0.00154043146155,0.0165213136421705
Rarres1,1.57615769761564,5.48520181149059,8.04152317445455,0.0045717079330919,0.0354464072330724
Tsku,-1.71274827160889,6.29839940127693,8.27230663812486,0.0040254332485916,0.0325660809271186
Cyp2g1,-2.02863667907105,2.62859402935436,18.3586168999168,1.82989506584205e-05,0.0006318078298607
Lrrc4,3.99712621822375,-2.42836808954003,7.54153428908224,0.0060292679419682,0.0435534917850452
Ces2b,-3.64490392976443,-1.31710859285783,5.29722791635552,0.0213593912555098,0.104228091761471
Scd4,3.47813456754257,-2.23513050636222,4.2533392396511,0.0391732330814693,0.156477587216484
Synpo2,-1.54188299439788,0.0505913971763537,4.5605849971807,0.0327158967497075,0.138395428801488
Sprr1a,-4.8682925364906,-2.4003913365696,5.74264215915201,0.0165578666075454,0.0871037918816905
Ppp1r3g,-2.88922737310694,3.1128250664464,12.9503090023858,0.0003198686921724,0.0053939039167388
Krt78,-8.58650910823915,-0.787757109896544,7.64695458310419,0.0056868244577883,0.0419782949757577
Trhde,1.83359066730979,0.846929594437274,9.35119171489777,0.0022284052288931,0.0213185433806617
Phospho1,3.14696839402396,0.191448855165552,41.2706550921733,1.32543833161002e-10,4.0747033017534e-08
Vtcn1,1.90436627382575,0.753346378218681,5.75907427859718,0.0164037121524512,0.086572303305706
Fam83a,1.73117115271035,-0.597569616763614,6.83733087593438,0.0089272128550244,0.0571135948868357
Nat8f3,-1.87552464884355,0.504919596044811,5.75076936503179,0.0164814371150476,0.0868971813064481
Six1,-6.46126514027139,-3.05843559876629,4.2128808146563,0.0401181491622864,0.159039769296191
Tacstd2,-7.63409198286971,-2.50347367191811,9.95631580002688,0.0016029851704222,0.0169816573455075
H1f4,1.75646264938943,-0.993366760508679,7.09860035391331,0.007714416995078,0.0515458914574818
Ttn,-6.65310888156305,1.08470666103557,13.88321817979,0.0001945276862597,0.0037286805666042
Actn2,-9.59447770433169,0.0738074275191148,8.64883424604196,0.0032727068445761,0.0283256586991845
St6galnac3,1.691657469807,-0.309994588795266,13.9411075999138,0.0001886278259957,0.0036417927854684
Dlg2,-2.45400652212893,-1.82927725982137,5.05184095112637,0.0245997882138924,0.115255631414796
Junb,1.70542272317041,5.25822779891853,13.4434652127372,0.0002458610762851,0.0044662899607894
Hhipl2,1.52131824089859,0.130149164792127,8.67963962271935,0.0032178460946862,0.027971988944891
Lgals7,-11.2235258734358,-0.015998666987966,10.3311900362525,0.0013080084403307,0.0146838644151178
Zfp14,-3.50749613330668,-0.613750944267872,12.7402279522906,0.0003578740735468,0.0058496676275261
Krt15,-9.98859086470053,-0.738085226714981,10.7012290040279,0.001070643886697,0.0127440902254198
Lce3a,-7.10392717557199,-2.28295878527081,5.40078802890553,0.0201276616560263,0.0998451557948798
Mtnr1a,3.34712806849187,0.755712813794576,31.5844974073824,1.90947880632916e-08,2.6498490736493e-06
Wdr86,1.51627466818451,-0.144559423259339,4.83817545084446,0.027836331743233,0.124927456273813
Spink5,-2.88098890353907,-0.679467973877066,12.35401979863,0.0004400379650201,0.0067785891806778
Myh8,-12.9773068402544,2.86932308574749,11.4918055858508,0.0006990369566525,0.0093294912089753
Gm5160,2.90666712821863,1.1413491282092,3.93609469617794,0.047260371910596,0.177004273197274
Per2,-2.39836904339399,4.60228999757897,25.9818242610803,3.44646878918532e-07,2.79671320121404e-05
Prr18,-1.76584926353601,-0.759653682470173,8.59337475428427,0.0033738818285279,0.0289649770703992
Pgm3,1.76365406667065,3.31404333212603,35.744447465418,2.2497224847863804e-09,4.61077738997373e-07
Myh1,-13.5623022498304,2.45487595494749,11.8752560140051,0.0005688464997731,0.0081047951384789
Dsg3,-6.8328831359639,-3.04346311142532,7.05062389325875,0.0079237648097879,0.0524727855216528
Kdm5d,3.56303420999054,2.78991431308535,6.52986639246048,0.0106077924625416,0.0644394997152578
St8sia3,1.58119517786694,-1.0888805363459,8.59473188972174,0.0033713684420286,0.0289600730329234
Usp13,-5.5151295210467,-2.21709986846015,6.64151251625624,0.0099629313176444,0.0618034226014219
Gjc3,1.67588464051044,1.17250633963062,18.8309604689443,1.42829713601263e-05,0.0005201083830591
Myh4,-5.50861181954928,1.18806272645077,3.9029924651884,0.0482001816947952,0.178886818803157
Fam47e,-2.02563314510543,4.36824399260096,36.1074825845781,1.86728458719456e-09,4.08909745354687e-07
Lypd3,-6.72394425336065,-2.04160672515358,5.37391176179024,0.0204400883088267,0.100838990016666
Lce1a1,-8.80867690486483,-2.08454500932523,6.66136170883371,0.0098525599590928,0.0612375674595874
Gsta2,-2.01643078169178,5.13179277356781,24.9111551961197,6.00340374419107e-07,4.24647841834683e-05
Gstp3,-1.61564180165648,4.36084821177555,24.3903823458948,7.86604167511698e-07,5.28346816043782e-05
Serpina9,-3.25987477452614,0.213735838478013,9.26524519088261,0.0023354321168914,0.0221305381272237
Mup5,4.87529480319703,4.90265261172913,44.4085610533592,2.6651905898340496e-11,1.06514341922718e-08
Defb4,-6.89147774911635,-2.85146646503832,4.68373393114601,0.0304494943988888,0.132273265614303
Krt4,-12.6430152394337,3.16950864062971,16.844645710307,4.05676166977419e-05,0.0011622113271148
Myl3,-10.0687228067703,0.909334969368564,11.4987954600395,0.0006964130599606,0.0093240026604112
Kprp,-8.45885752410668,-2.39590993851494,6.1904899645645,0.0128438621400977,0.0732246719584885
Dsc3,-6.6757063254257,-3.20170533317503,5.80327431889517,0.0159963587576734,0.0850157761936104
Serpinb12,-10.0824628203337,-1.05403390880698,8.35039252675292,0.0038560401794321,0.0316765972807826
Eno3,-2.31766930419594,2.61158880379582,16.2023128764399,5.69245732853232e-05,0.0015242817898478
Nkpd1,-8.03320195384843,-2.70611532767434,9.07913342548615,0.0025854253341399,0.023849168719885
Serpina6,-1.92487257827818,8.96305747810088,24.4074534675893,7.79664629345379e-07,5.25895306528069e-05
Slc4a4,1.52940355595233,6.76393673339401,42.3358574139537,7.687019363821449e-11,2.52164505344624e-08
Dmkn,-9.53258857812961,-0.299057637312878,13.16545728797,0.0002851571901051,0.0049711263260862
Obscn,-6.55424196737383,0.133535884791323,11.5608283736019,0.0006735583818856,0.0091556749419879
Krt5,-11.3552410183751,0.220936988410722,12.8059767246418,0.0003455137862678,0.0057269905703261
Akap6,-1.98574878993231,-1.89892644305611,4.17668616321102,0.0409837622042655,0.161014112213661
Tnnt3,-10.8942356438288,2.50443839030844,8.68820907461046,0.0032027517138174,0.0278862684624647
Myl1,-9.92011995265963,-0.513776623784984,8.55344946972428,0.00344868114651,0.0294501158162975
Trim54,-8.09880460156742,-2.34011140504583,6.10507822589321,0.0134793983923831,0.0753219535346431
Gm6030,-2.44141215329127,-0.621771731728586,4.9359074988353,0.0263042469531768,0.120456140503064
Cav3,-6.42204661092546,-3.02949194242018,5.39497167103222,0.0201948532723649,0.0999555304630348
Sim2,-8.51565904462487,-2.47036233912076,6.191228447849,0.0128385035901964,0.0732202348886476
Rpl31-ps11,-1.88581032012494,0.256454531604486,8.36072544684295,0.0038341746790395,0.0315738302047317
Calml3,-9.22670966048587,-1.47017351861605,7.4564429523826,0.0063209788128814,0.0448500520651234
Ly6m,-6.11342936820992,-2.73516383434372,8.43849571106684,0.0036736000817418,0.03074942106525
Cnfn,-9.46167445816258,-1.23400144507513,7.52655799900578,0.006079595304995,0.0437784031156314
Gm10136,-1.53408524962712,2.87986686634906,9.33557901260311,0.0022474706778882,0.0214752338653447
Rps6-ps1,-1.67537312005649,0.59743045370377,4.58886189696881,0.0321803756602748,0.137141535245143
Prr36,-1.7724300654856,-0.448681917208367,15.6960163903751,7.43806598500377e-05,0.0018153423333781
Klk1b4,-1.83487222302328,0.444773477906766,8.6632870285886,0.0032468507513225,0.0281573316846254
Serpinb5,-6.46122602904864,-3.03339491217916,4.58796267833595,0.0321972638493799,0.137145073247052
Unc93a,1.92292634202756,-0.651148286274708,7.58608219027395,0.0058820642201577,0.0428696857618149
Jchain,1.50555716490724,1.13451414869577,4.79992636635229,0.0284609532946173,0.126946651609306
Pcna-ps2,2.40257270201585,0.955600941991248,11.4600694206366,0.0007110764362485,0.0093982886675516
Klk11,-7.07901305498676,-3.08353038588158,5.42270880906337,0.019876499481252,0.0988630120433397
Uty,-3.88648865223498,1.97253834384688,8.43935667858388,0.0036718612254044,0.03074942106525
Actc1,-6.78467247960641,0.0475653759608525,11.2059441304444,0.0008153573215069,0.0104024757714362
Myoz1,-6.73538575327138,-1.06325024475404,8.42084880627381,0.0037094258071597,0.030933166903107
Flnc,-5.46538408838865,0.219624250617141,13.9292781540049,0.0001898186018639,0.0036559520113219
Celsr2,-1.5541154455732,0.0306431423858867,9.15142749075795,0.0024852411010757,0.0231926819858705
Lce3f,-8.12338597727135,-2.02492752788538,5.86440994799232,0.0154500368868961,0.0831228341536182
Lce1i,-8.27365970666299,-2.64440348008582,6.17560012229014,0.0129523969855746,0.073609850029206
Lce1e,-7.58290183457899,-2.84199308265196,5.43665933788678,0.0197183477921494,0.0983824930728152
Lce1a2,-8.24034593065556,-2.24388157122969,6.03596401628264,0.014017294002499,0.077563330537885
Sprr2a2,-5.70639914349946,-2.59438101283433,6.75225087650938,0.00936294933201,0.0590205473270949
Bhmt1b,2.02079175980193,10.8487220941518,23.8328109386493,1.05075997906242e-06,6.77498013900691e-05
Ctxn3,-7.39387062050123,-2.37292670341713,4.49029548224607,0.0340877853125461,0.141926873039783
Sult3a1,2.80262508967967,5.66211285490086,14.8940257209915,0.0001137225698099,0.0024972101661847
Gm8054,-2.61363700636248,-0.783969621921847,5.90972196766506,0.0150575481910364,0.0818804502281056
Ccnd1,1.97340963742104,4.89201010072087,13.8711375240163,0.0001957821551085,0.0037437482434991
Slc6a21,1.63851977462225,-0.413849140175534,22.7404721297569,1.85421195657828e-06,0.0001090240302465
Ccnb1ip1,3.63451391568328,-1.99583769790647,3.93231928830332,0.0473665764931506,0.17724768066936
3425401B19Rik,-8.39971084546351,-2.14040713655469,7.0369403906047,0.0079845317920964,0.0527005471628628
Gm94,-6.77221107328575,-2.89298329433129,4.6800804996728,0.0305143184980812,0.132446889902342
Ccnf,1.76283744873085,3.18617208692211,13.2192909038347,0.0002770824263399,0.0048998226410079
Zfp9,1.60929288843802,0.348442022605289,12.4781732742853,0.0004117346294991,0.006464486718099
Myo18b,-5.03370998103544,-1.57957063872305,7.02444005021775,0.0080404610286329,0.052851484376532
Gm15401,2.66201444447255,0.594003447115138,24.4361359257662,7.68142934873381e-07,5.24766365678883e-05
H2-Bl,-3.39939739274536,0.711016037355571,10.5383234828139,0.0011692443434358,0.0135938473266653
Serpinb3c,-9.68447224224013,-1.51019807298044,7.39520515252683,0.0065397965736998,0.0459189570074681
Mup14,3.61328420367916,11.3391505858301,50.0694846586624,1.48396892549608e-12,1.12965367823716e-09
Mup11,3.4130229215339,11.4655713643474,52.4639236587404,4.38224980292426e-13,3.89192474164151e-10
Mup-ps12,1.91055596500237,2.17771296577469,5.42605785421466,0.0198384134181701,0.0988160617139557
Mup7,2.60836928694553,12.4813289079589,21.7482667584782,3.10870593607351e-06,0.0001592813240194
Ccl27a,-1.7935514666836,1.91762381817408,3.92968283397479,0.0474408908556634,0.177442695652465
Klhl40,-6.74077022460789,-3.01979905816853,4.88754448537532,0.0270511338012872,0.122608286063901
Gm6091,-1.70712623284705,-0.950478847712935,10.7997885556734,0.0010151168859944,0.0121555494677957
Saa1,2.25656751496656,6.41301035382491,5.38361373369455,0.0203267319147917,0.100508238908092
Ces1h,-6.20887571453667,-3.04428784307546,5.71345019336925,0.0168354198354011,0.0881272892341789
Gsta5,-2.36876491777755,2.56466040548084,19.7695953388832,8.73613927038707e-06,0.0003580921086574
Gsta1,-2.77684322214051,4.40914955618558,37.4649250326069,9.30717528096429e-10,2.2206642394253e-07
Krtdap,-11.1934802295252,0.102130949105037,10.571209395914,0.0011486255524078,0.0134815918361171
Cox7a1,-1.58656555787816,0.580939163239718,5.99780854482353,0.0143236596413462,0.0788220389075938
Gm6166,-1.83345671368956,2.76653569499033,3.89979342961399,0.048292045123914,0.179085340667597
Gm10680,2.83948313611158,4.06374801853623,34.1785026055497,5.02813511137997e-09,8.83294152643079e-07
Sult2a3,-2.7736776478399,4.04813809419021,8.099313841742,0.0044282018922042,0.0347346591995963
Lce3e,-7.31068405772187,-2.59497380765007,5.09258678537326,0.0240283245749358,0.113476158539121
Zfp872,-1.66878294788772,-1.12283791303665,4.73176871554055,0.0296104204664784,0.129756628721799
Bglap3,-2.74208596112556,-1.28932461222399,7.03136457794955,0.0080094298650156,0.0527345258671154
Zfp1003,-2.37106825132619,4.63670632102166,22.4785609140639,2.12502148520659e-06,0.0001191950647807
Bhmt,1.86748690211944,10.8914110947205,22.3162532459173,2.31241113701753e-06,0.0001265965905354
Aldh3b2,-3.62625892199737,-2.10809814100327,5.61007953746304,0.0178574524209624,0.0919089614943673
Klhl41,-5.35856106945617,-0.894842850087704,15.6576910247686,7.59032708528205e-05,0.0018356878787491
Dio3,-2.67179817075364,-1.49377026333936,15.5595460332836,7.99469549571336e-05,0.0018990074620278
Iglc2,2.25473147651037,-1.29009277169915,6.65628222728201,0.0098806845421402,0.0613885048933751
Capns2,-6.34047077937036,-3.20036789181532,5.8911242432331,0.0152173824709451,0.0824347936904536
Gm6316,5.38202613801349,-1.24981584792666,14.0814727260578,0.0001750596823317,0.0034337473395775
Smim24,-1.71875894572989,-0.105362512946673,9.85961012928395,0.0016894690449883,0.0176521909497935
Plekhn1,-1.89300703612963,-0.699599902717246,13.1735990567604,0.0002839209086163,0.0049568506608577
Perm1,-4.67859103527803,-1.40904436696462,9.97528274887178,0.0015865563017579,0.0168772847434927
Ccdc24,-1.60268699527607,-0.763729172336219,9.83409881766342,0.0017130618971414,0.0178548842315591
Sprr2a1,-7.07886749313126,-2.47759834640753,7.59312205453261,0.0058591395032847,0.0427977932441387
Mup19,3.72360114556241,11.5225470565613,52.9300692631973,3.45637505779308e-13,3.25021245140472e-10
Mup18,4.05521884283039,11.1913154166899,60.3364222779612,7.995417496810311e-15,1.06512286753341e-11
Mup16,3.7050208649403,10.4666827395071,52.1020375547245,5.2690227044712e-13,4.4331893133514004e-10
Mup10,3.76823463771793,11.9897222292334,68.7366500585643,1.12530060837952e-16,2.52368300461372e-13
Mup1,2.72490993514047,12.0829139680547,22.2188823359953,2.43269545127651e-06,0.0001322757465445
Mup-ps4,3.90568703983006,2.67100756319764,13.0315393440413,0.0003062886863482,0.0052199690191501
Mup9,4.30897928216626,12.4444432736986,40.7917276895557,1.69348443506251e-10,5.10793248658665e-08
Mup8,3.44800640739753,10.8432835800872,48.1711786337551,3.9058739464891996e-12,2.22997503244915e-09
Mup2,3.4312239068068,11.4649778135915,46.949161850182,7.2852138538806e-12,3.7568202796172605e-09
Rad54b,1.96019909839507,0.0034979137173084,10.7279906488867,0.0010552697529032,0.012570448785329
Sult2a5,-1.89401559996428,4.43690971629951,10.3771600360886,0.0012758379300554,0.0144169106825042
Nlrp12,1.58555239616015,4.53719290981031,7.57334431742973,0.0059237768654767,0.043024760096098
Zfp970,-2.46319791088156,3.3500100937429,21.7102389502579,3.17094296391301e-06,0.0001614353319143
Hsp25-ps1,-1.54745810510984,-1.48644738298661,4.07276128884634,0.0435799788543222,0.167750913066505
R3hdml,-1.60887847199689,-1.1819458004146,3.95862325114108,0.0466318276262829,0.175313851431956
Vinac1,-2.42216999144792,-1.37261191099646,13.1058492818129,0.0002943751911799,0.0050819457950349
Xirp1,-5.44312596666291,-0.528597674480507,14.6479222255819,0.0001295774096744,0.0027692840522141
Mroh2a,-1.55232995766664,2.99725527422195,31.5435033238178,1.95021756036503e-08,2.6498490736493e-06
Mpp4,-1.7530897221462,-0.0432913684559397,14.401062952827,0.0001477189039828,0.0030509488360084
Tmem182,-8.27365102690692,-2.00578935510225,6.57219166482384,0.0103584315771366,0.0634201023332464
Gm14387,-2.19329683434362,-0.306088496006101,12.1418428860861,0.0004930303283211,0.0073113013251786
Gm13464,1.83039317340527,2.77586967506073,12.1978876544351,0.0004784365943418,0.007154618706407
Gm13880,1.50368799194478,0.288509315413639,13.0605764770376,0.000301576601149,0.0051704731515529
Mup-ps17,3.81652734333364,5.10328605257108,6.98211494408619,0.0082328259955586,0.0537842077503068
Gm12599,-1.68426652541198,-1.33785089432386,4.53123982112316,0.0332814976491774,0.139642525307021
Gm13131,3.66211553165844,-1.06019215898985,15.6603767430516,7.57955568729153e-05,0.0018356878787491
Ak3l2-ps,-1.8230488278125,3.71463650784214,22.0631616278723,2.63824477053864e-06,0.0001401162156207
Gm11960,3.95037187297714,0.133388106352331,13.5790205999541,0.0002287275453589,0.0042222154042821
Gm15653,1.57829886226865,-0.661328106504181,5.52637172387246,0.018731910451295,0.0949246140550997
Mup-ps14,1.99173638645919,1.51140156259006,6.67283812693847,0.0097893178407826,0.060963005454909
Gm11824,-1.74984015667156,0.937178742435561,6.29800167837504,0.0120874157342767,0.0701377233858971
Gm14416,-2.60090106723235,-1.01730854977027,16.4031265247194,5.12007065923351e-05,0.0014087684949829
Gm14405,-1.63198921490392,-1.53994887811379,4.77077972586667,0.0289467128136608,0.128133357826131
Mup-ps15,2.90638629293417,0.597184704277625,8.08827995821937,0.0044552425564794,0.0348271430356385
Ldha-ps2,1.60825267904759,1.4798226724985,21.5446473164408,3.45686166949386e-06,0.0001726918457766
Gm12009,-2.13259179415854,-1.32957529544707,4.59523888378079,0.0320608746767121,0.136955167110892
Gm11702,-6.84099597126788,-1.22313582146744,15.4125097695954,8.64143282386633e-05,0.0020049629190468
Gm15611,1.68840580898919,0.943259489064896,4.90048854699239,0.0268490986667732,0.121869888141981
Gm15962,-1.60858104631746,1.8820855417756,12.9931667867666,0.0003126297793988,0.0052997875434467
Gm12265,1.94795695832894,1.03595651736972,17.8252579516697,2.42147424801693e-05,0.0007932312977212
Gm12576,1.63803661043378,-0.921400499275198,9.23856602801796,0.0023697045485962,0.0223757217447489
Gm15343,1.91598130563016,1.57284846279137,34.9026654946325,3.4660603746788703e-09,6.77203309253571e-07
Gm12602,2.05112569734376,-0.66967971364206,8.36470019617511,0.0038257973360903,0.0315416174392681
Gm16063,-2.26342824926674,-0.638496768302169,9.15581289726845,0.002479292152458,0.0231568833885301
D630024D03Rik,2.20298203810752,0.284746748389226,14.2283145202769,0.0001619158160696,0.0032517415021226
Atcayos,-6.11404072091559,-3.12285450244071,5.1243916220279,0.0235918393442725,0.111910725150606
Gm15638,1.59436556663049,1.94066371755286,9.52880680169476,0.0020227158393248,0.0199476467658521
Gm11832,3.11900928596311,0.769685822546625,28.2710531452854,1.05461327827181e-07,1.10189855336295e-05
0610040F04Rik,-1.65230681127008,-0.865871307229579,10.8617688928725,0.0009816988075732,0.0118530491977841
Nat8f7,-1.73315357317417,1.92403992797498,4.65667757407321,0.0309329919425075,0.133900571132663
Gm15889,-1.73856686096304,1.40553581475712,10.323170405357,0.0013137042468958,0.014737456905878
Rdh1,1.56358367525587,-0.937487839468433,4.84729636842768,0.0276895009846024,0.124443171981966
Mup13,3.72602107659365,10.6465060009937,62.4831611056512,2.6873255404347904e-15,4.7732873432656094e-12
1110002E22Rik,-4.83348602423311,-1.73741245679149,10.5522693708509,0.0011604552133934,0.0135351954992776
4930524O07Rik,2.56455949609386,-0.339973179255045,25.3606951335162,4.75508650388009e-07,3.51920429865866e-05
Sult3a2,3.19223289007517,3.6093550622776,12.3239659377344,0.0004471795901946,0.0068407779223461
Teddm3,-8.57029372877537,-2.48493988904338,7.06748206016805,0.0078495492368814,0.0521324861241328
BC035947,3.18239336100803,-1.95932490530713,4.46515056214842,0.0345930408460805,0.143339645143972
Gm17041,-2.36299339205065,-1.7639427463048,4.12121513213704,0.0423486502819973,0.164636557249029
Gm3571,-1.52184565492769,5.07749498864597,10.0694240658802,0.0015075014771244,0.0162064012194422
A930033H14Rik,-1.70167740839291,1.56048035771827,7.2778420583703,0.0069810350418554,0.0480822172249464
Gm7808,-1.69959651985508,-0.850262787999903,11.0672890595351,0.0008786405042667,0.0110337369216092
Ccdc168,-1.93424419095595,-1.95595762529834,4.59002505528629,0.0321585441437499,0.137126296794341
Tnnc1,-2.12206258144456,0.0012245455671604,9.16783359590409,0.0024630596678271,0.0230793270628066
Rps2-ps10,-2.13306685122283,7.96963949912544,7.838687954742,0.005113971115403,0.0388554858606623
Ly6g6c,-8.15943357623566,-2.60940080396839,7.79587714772395,0.0052365582962147,0.039635114638451
Gm5873,-1.61023134568073,4.38591160904135,12.5981658932865,0.0003861254677254,0.0061849716703993
Gm4899,-1.68966940209597,0.717699414915119,11.7032097199652,0.0006239238107474,0.0086505169458872
Rpl29-ps2,1.67754048154077,-0.611252131040725,6.78902342601258,0.0091720070164742,0.0582108680780951
Gm14403,-2.14221393462575,1.90377844442603,15.7591684426522,7.19384461311406e-05,0.0017774466767425
Mup12,2.83010663882442,12.0681767827511,21.1794300297274,4.18229242227653e-06,0.0001995764975
Gm21286,3.50270686214553,0.347104491476177,9.5207465868784,0.0020316191323388,0.0200107599812504
G530011O06Riky,-2.18531262213486,-1.84543207625511,5.83811770996692,0.0156825949783127,0.0839145087901857
Fmo6,-2.49616716014313,-1.02542940671906,4.48531079150728,0.0341873298644452,0.142174468057498
Lce1k,-7.05367662297158,-3.10166879884344,5.19957276339197,0.0225924403821576,0.108489862405879
Bhmt-ps1,2.18455574005935,8.42567728140483,27.4746980664444,1.59163210133399e-07,1.5235826809536e-05
Kcnj11,-6.91954657462714,-2.83360267535073,8.13230297029357,0.0043483480212778,0.0343442151522471
Mup15,2.79552324022134,11.8901601162982,24.2277941469292,8.55881847565706e-07,5.65377157652289e-05
Mup17,4.08153689676189,11.6750401374813,38.8012922831848,4.692171168463401e-10,1.22965652949272e-07
9430037G07Rik,3.19090591503515,0.157297410532462,23.4465568539107,1.28432381310224e-06,7.9578296419583e-05
Gapdhrt,1.52136427252218,3.15602931201269,9.83196705612163,0.0017150483990875,0.0178610838487381
Gm16793,-1.55390389953679,0.258012493375058,14.386880459924,0.0001488356698343,0.0030686572586674
Gm3200,-2.04023713411937,-1.18891702548643,7.02051312751725,0.0080581135174985,0.052923994531936
Gm9522,-2.00698844023953,-1.15823531547071,4.60560286397192,0.0318676467369035,0.136504876938944
Gm4654,1.69900248639455,1.41966799994839,7.53993048012469,0.0060346371065878,0.043560133565434
Gtpbp4-ps1,3.5234670423693,-0.51400300655205,5.1059069329273,0.0238445100158921,0.112841426025474
Mroh6,-1.98743741992056,0.376946890021994,13.2055287756542,0.0002791244807248,0.0049196074408674
Gm17767,1.51298569788595,-1.29473416105286,5.36783006214124,0.0205114792527061,0.101109006270046
Gm28513,-3.0582655354471,-0.148500465004879,19.4769655614063,1.01820163711654e-05,0.0003989453767388
Gm29257,-1.66538007537509,1.43828546450768,5.23748124532321,0.0221052558857495,0.10681592599466
1810053B23Rik,2.18978228893605,0.355369895062611,8.15098690584475,0.0043037732985253,0.0341340041425579
Gm28875,-1.51222071243104,0.607929014818926,8.35497759460198,0.0038463221013158,0.0316292721767671
Zbed4-ps1,-1.66292098368715,0.409916539908211,3.84743334563592,0.0498221778014651,0.182248039997094
C730036E19Rik,-2.1059658432494,3.17188327447612,14.5806601258438,0.0001342856883097,0.002844848168794
Flg,-9.246643045613,-0.446545071092196,12.1289093634828,0.0004964614626814,0.0073485490207641
Gm37784,-2.52669952934814,1.67599139345091,8.39000457097161,0.0037728996054406,0.0312829735957335
6430511E19Rik,1.71712414147581,-1.15530338748422,6.34741176018835,0.0117552680969856,0.0689693535012964
Gm37969,2.20632971708271,0.101943020653732,16.1352915908499,5.8974772997053e-05,0.0015557272625922
Lce1d,-8.06114422259862,-2.59963884497918,5.87243326073827,0.01537977950062,0.0829771026314247
Gm5850,-4.09511696751931,-0.496157320342979,9.69728746692071,0.0018454021664096,0.018785519383775
Gm37273,-1.9733834576468,-0.995295682144574,14.4174917063995,0.0001464358049636,0.0030283606444365
Gm38357,-2.75629160328591,-1.4571586467259,10.5319428470697,0.0011732880452961,0.0136309467239124
Ighd,1.78260062600198,0.069966937242891,10.4059005295722,0.0012561329063111,0.014311617800347
Gm37336,-1.58164364405473,-0.967907396595251,5.88255198807971,0.0152916422970675,0.0826131104295103
Gm42686,-2.29259691246103,-1.36099556516473,7.05311886572309,0.007912735984531,0.0524431996056027
Rpl21-ps10,-2.7707593175896,0.702519033262411,12.6797411356737,0.000369638741385,0.0059808146961355
Gm43401,-3.0889073499355,-1.54936072208981,22.8241609282394,1.77519943358218e-06,0.0001051049560934
Gm6157,-1.51104313974845,-0.732285692794578,7.33080901727365,0.0067782537959109,0.0470708797486673
Gm43305,-3.86394579881376,2.02871849573922,6.81270546762175,0.0090511528455256,0.0576746084172631
Gm35986,-2.51485664194441,0.472940354741355,19.1487460608599,1.20916913255436e-05,0.0004580516055216
Iglc1,1.80599554898712,-1.30403873404736,4.04308829738485,0.0443525863189308,0.169622116003452
Gm43609,-1.64484473265858,0.439040861374943,10.6004978311541,0.0011305721481986,0.0133382482369763
Gm9260,-1.89559784564244,-0.241151711426278,6.08221196339749,0.0136549689892223,0.07611169255987
Gm7652,-1.89069746901911,-0.295303069993273,6.36682700518045,0.0116273316777376,0.0685125411722495
Gm42604,1.87849873888031,0.668133852500697,19.2217867536865,1.16377599389429e-05,0.0004421308737005
Chaer1,3.37543283725967,-0.817193792959986,4.4165009135515,0.0355929533729753,0.146797975392256
Gm44386,-2.82817580279644,-2.17313175466766,4.98291666757419,0.0255987906193145,0.118340736506756
Gm7298,4.40676434976007,0.703838097310694,13.4128215470835,0.0002499102225196,0.0045295519469375
Mug4-ps,2.74338837195033,4.11626595848953,17.3949026934772,3.03639178496047e-05,0.0009370609859918
Cyp2a21-ps,-2.10317533322436,3.05894604323477,6.98787843185795,0.0082063568584656,0.0536551414067204
Gm44787,-2.64240682249317,1.16105859358198,15.568822410091,7.95556583802281e-05,0.0018953999426803
Gm44992,-2.71602660863148,0.849578683636581,3.90575668441443,0.0481209529631162,0.178817466777605
Gm44570,-1.92159345752583,0.426382774469862,37.2971754823314,1.0143140352018801e-09,2.38453296569665e-07
Gm45104,3.17358621591254,-1.57198659032781,10.9182245730854,0.000952228238477,0.0115866708460664
Gm31105,-4.32109344751409,-0.997268937732857,30.5746191055312,3.21269159360788e-08,4.05018729634482e-06
Gm45425,1.76773321782385,-0.672438703891764,10.5413393106053,0.0011673379851991,0.0135815611582195
Gm45819,-4.85298117170389,0.792439017119501,19.4308843120702,1.04306587987651e-05,0.0004062470868521
Gm38416,-2.38600638988751,0.883603899185559,8.75176256780548,0.003093029660969,0.0271676770111268
Gm42303,-3.46448943829742,-2.36989463439846,7.73790721321109,0.0054073433665448,0.0406402402715497
Mup22,3.56250686551536,12.1591927515095,68.5090813284155,1.26294658056486e-16,2.52368300461372e-13
Gm45909,-2.22351960834131,0.751898298729783,8.88369800366611,0.0028772815723896,0.0257826363319626
BC049987,3.9809625015198,1.56971651951608,17.8548021885869,2.38416846391758e-05,0.0007826143134329
Gm8834,-1.57305186350617,4.66540099013384,16.4653733606364,4.95467647790409e-05,0.001370450038736
Gm47528,2.4397991384375,1.72779428955172,28.7113798140271,8.40086234044455e-08,9.39134163456968e-06
Gm48372,5.32696134893115,-1.10145123584913,11.2492317833072,0.0007965597687519,0.0102185655436511
Gsta13,-4.30313171284147,2.84569877104847,21.2354861307129,4.06174351304917e-06,0.0001951999265284
Rpl26-ps6,-1.57569994153148,-0.138641614671653,8.20549933118345,0.0041763614059093,0.0333983558953807
Gm30906,2.63932804025554,-1.2739047432868,9.62316561634899,0.0019213826270727,0.0192451269902156
C730027H18Rik,1.72837434439943,2.18668181836477,22.5369064033543,2.06144799367443e-06,0.0001176939558102
Gm47935,3.12450657493935,-2.02785058394608,9.09291212325648,0.0025660197092629,0.0237122964020943
4921516A02Rik,-1.68165887704981,1.57929041317773,32.3857993497296,1.26406851569047e-08,1.87105548998406e-06
Gm48877,2.25854421204142,-0.984619921251978,13.5303128997542,0.0002347409063016,0.0043232351706663
Mylf-ps,-9.03277869198209,-1.45834048343294,7.32294197427366,0.006807987687749,0.0472158313129532
Tubb2a-ps2,-3.01154552961771,-2.14236368967385,3.86557375152972,0.0492863396226597,0.181275971192746
Gm4935,-1.80135157080592,-1.28662953663804,4.48967928146931,0.0341000744493217,0.141926873039783
Gm46404,1.54408273679168,-0.739219055301583,10.1817256563366,0.0014183937277339,0.015498593391357
Gm10095,-3.62318530084598,2.86816449385398,60.8720475941495,6.0907541825554e-15,8.85152694203006e-12
Dio3os,-2.35880475326946,1.32267324584425,12.8984995706458,0.0003288456489846,0.005504635125308
Gm5626,1.55139976897675,1.27854235747339,25.1333968748093,5.34982742071505e-07,3.85235770934914e-05
Gm5628,-2.03427065046443,-1.09354844072283,7.49867890009116,0.0061744269759134,0.0442110214610795
Gm32063,1.62862020757959,2.71474134929277,12.3615096434697,0.0004382761564759,0.0067759019704296
Gm48931,1.97403939056869,0.896545158959949,7.61622539236777,0.0057845438091658,0.0423599254848028
Gm9247,1.61252173942221,0.416221050242896,4.05170678211775,0.0441267091136951,0.169081872457222
Pdxp,-2.9519428737105,-1.43957983872888,10.4931210262793,0.0011981980206049,0.0138398797379989
Gm41396,1.67856200729503,-1.29865422661178,10.2117739349078,0.0013954688145287,0.0153424790021025
Gm1600,-2.30704667228024,0.49448944025352,17.0078572477725,3.72254529860316e-05,0.0010939082563137
Gm3787,-2.01648267016508,2.41861262392166,20.5372238467884,5.8482822018015e-06,0.0002611470370893
Gm19522,-2.43367486888471,1.19750928918051,48.2079730094598,3.83326537257007e-12,2.22997503244915e-09
Gm32461,2.44089855780817,0.945389295726805,20.9365278993771,4.7475482494038e-06,0.0002206229834737
Dreh,-1.54168966921859,-0.739043124902494,5.1486676621452,0.0232642167986897,0.110982324602761
Gm7059,3.26480334852714,0.813110116807959,5.13713246807512,0.0234193001842707,0.111456068099361
Gm30117,2.07356035705952,0.968965285647591,28.2833029153667,1.04796040105418e-07,1.10189855336295e-05
Gm6883,-2.53757003076912,-0.893267753329084,8.20091443725745,0.0041869282161079,0.0334493925350834
Hspe1-rs1,-1.99365027519306,5.26687808814959,7.26922627704612,0.0070146014261611,0.0481930302236889
Gm3734,3.00704971039332,3.02058602170455,4.03150537155955,0.0446580757229571,0.170319524585654
Gm8934,2.90510754018894,-0.826246604635266,3.87541871342183,0.0489980865432533,0.180521643576964
2310015A16Rik,-2.05355698508493,4.58090766550125,15.4250489612145,8.58428364134609e-05,0.0019945982309674
Gm54639,1.65220531560562,-0.618853314509344,12.3152844240023,0.0004492642469645,0.0068588862697509
Gm50136,2.64234818941862,2.10786799744643,8.07292516267847,0.00449315249313,0.0349883516546722
Gm6192,-1.94648277186846,-0.834667089088457,5.39492215531244,0.0201954262817528,0.0999555304630348
Mir692-2,2.27091130029996,1.26398697198848,3.85018609996736,0.049740471425744,0.182081789835572
Gm56821,2.46352066119207,0.846720734268678,15.2086183519623,9.62630913701406e-05,0.0021921107957878
Gm30842,1.89701731010961,2.79059944304973,37.1627393706621,1.08670486075753e-09,2.48172341486711e-07
Gm56824,-1.94923477457153,-0.138133996836394,5.43551940103904,0.0197312218591359,0.0984160101841332
Gm32542,3.01795585581813,-0.552190227633591,9.16645784192357,0.002464911976614,0.0230793270628066
Gm32342,-1.90055488111769,1.42837914502339,13.3915153464168,0.0002527650971163,0.0045709308173105
Gm36180,-2.89125469184473,0.768886612510751,32.5112725537703,1.18503173213023e-08,1.7871620065881e-06
Zfp33b,4.4305067383358,0.322752604998415,5.30782485471924,0.0212298462021801,0.103627579049787
Gm33459,-2.25024296900844,1.30398403056143,4.13568722532798,0.0419880154838576,0.163552732827716
Gm57411,1.55825963077246,-0.832597191271779,7.7714718035931,0.0053077784246817,0.0400614475434192
Gm32006,3.19976901285647,0.865460102979743,8.49364238714784,0.0035638960593721,0.0300963773930923
Gm32202,-1.85841855115824,1.05307562835857,14.8270653532782,0.0001178322435548,0.0025628112183239
Gm56782,1.55918985826653,-1.23026647904414,5.59297387092245,0.0180326558960717,0.0924973985878035
Gm40572,1.59996542583861,-0.276952651509655,10.5742073104877,0.0011467643149075,0.0134696358105157
Gm57438,-1.60799423736904,-1.14788144871502,8.66795899800123,0.0032385370549817,0.028106000738837
Gm56710,-1.65230914647415,-1.61409844892567,4.13416877076705,0.0420257023219109,0.163647451218673
Gm56768,1.50190440262501,-1.386061337815,7.49209745637962,0.0061970333842715,0.0442845269103903
Gm57477,1.5223229961548,-0.936308451018491,8.69292018103391,0.0031944841609577,0.027829440761346
Gm57147,-3.18342200950738,-0.470995484891648,6.23826447108672,0.0125018928922836,0.0718386986973563
Gm32800,2.13207377251274,0.337513913423113,19.8928214370471,8.19073048280536e-06,0.0003418721083502
Gm56551,-1.69065863421674,1.09539121324084,34.7310929496138,3.78537206449156e-09,7.29071780999543e-07
Gm56727,-1.93324565207531,-0.369574528798509,15.194302890823,9.69956098365686e-05,0.0021981622737565
Gm57173,2.0782208467495,1.27934667181838,26.2789779429273,2.95487617830193e-07,2.48613950454393e-05
Gm5113,-1.80192147369843,1.1697148199828,13.4090778012104,0.0002504094931438,0.0045334611069057
Gm20257,1.61272203446679,-0.857145899029164,7.28672728135783,0.0069465907688341,0.0479275787788442
Gm55175,3.99941814345615,1.32810295892069,8.25901015590907,0.0040550231970953,0.0327061558167338
