V1,Control.M.12-CR.M.12_logFC,Control.M.12-CR.M.12_logCPM,Control.M.12-CR.M.12_LR,Control.M.12-CR.M.12_PValue,Control.M.12-CR.M.12_FDR
Vpreb3,-3.64716899752842,-0.674759357712211,30.2414437880658,3.81470381619065e-08,9.5284148758787e-06
Cnn1,-3.34732370291408,-1.73483671667036,4.90486373965879,0.0267811645113987,0.17980835610215
Rec8,2.11150075797453,-0.684247713186742,6.47691921714521,0.0109284242278983,0.102947430587615
Dyrk1b,1.60783714925231,3.42168780589985,31.7436425968204,1.75924179851063e-08,5.11331625290745e-06
Shh,-2.37383593777026,-1.56710830684669,9.19541513407215,0.0024262205940162,0.0376924804819666
Ier3,-1.57949819560011,0.535077654912556,7.77319126647247,0.0053027284769805,0.06443786678732
Col5a3,1.87844667999169,4.91356225227188,26.313619636604,2.90234719369314e-07,4.93584279131687e-05
Gpx6,-2.18627313386198,-0.262261140614823,5.45234538058749,0.0195420741684211,0.148690907975431
Hspb1,-2.4421386572584,4.45922322764901,15.7914925228804,7.07197851608886e-05,0.003105841993357
Ccn4,2.04898726474121,0.0575287658513147,11.4530531017868,0.0007137663096462,0.0164176521237488
Asf1b,-1.53663187974992,-1.21799005530737,9.45059310580628,0.002110808332137,0.0344671930516262
Cyp2a5,-2.3528506084827,10.74799299718,21.2683000715424,3.99280132620679e-06,0.0003732685497119
Atp4a,2.06133518849708,-0.876955899687589,6.14324110154546,0.01319153078451,0.116873602796997
Rad51c,-3.41376376930662,-0.346410865416915,45.918690856592,1.23264269164194e-11,1.15911918050518e-08
Rps18,-3.46465653617947,5.73535066745269,8.9070260698052,0.0028407551804596,0.0423986195710735
G0s2,-1.64585429705644,7.2417212627507,8.70343070220164,0.0031761172520746,0.0460738751285526
Crybg2,2.00044423862378,1.67421076092585,6.36360284702792,0.0116484778162397,0.106924553300208
Gadd45b,-2.20523143457726,2.7416627267814,13.4036913696339,0.0002511295986066,0.0079697466599435
C4a,2.18412619745931,7.8646761268036,12.8861482389121,0.0003310229901937,0.0097647707436357
Lonrf3,-1.87335842545631,1.34479806714192,21.5529939579994,3.44184949943843e-06,0.000327508369631
Dyrk3,1.67586821544688,0.605081336821103,14.6265087645266,0.0001310580143867,0.004883667640996
Moxd1,3.94075886325625,2.58265298350066,5.18829876058179,0.0227394656426409,0.162718486017572
Vnn3,-2.1128303962793,5.69308865065238,21.6849855294982,3.21296246049884e-06,0.0003131854749605
Cry1,-2.32756198002568,3.64236627426863,72.6821131527712,1.5230827175130802e-17,8.11600010738803e-14
Mrnip,2.05087588933685,0.570541830582201,31.0139744227504,2.56177315509701e-08,6.94110265379337e-06
Adcy1,2.99244876321224,0.379068789863341,8.99591744204871,0.002705834000719,0.0408070399391453
Nampt,-1.73232256729188,5.72733647765514,38.7240812019872,4.88149300140559e-10,2.69088093518862e-07
Rrm2,1.97716523057237,1.03524414656113,17.0414491244554,3.65726915544571e-05,0.001850161541739
Slc13a5,1.91541486083776,1.10530935435031,10.546896347959,0.0011638335153188,0.022884431212654
Fbxl20,1.81404288544294,4.84272623461404,96.7312658991064,7.94053818634375e-23,9.49436692179087e-19
Nr1d1,4.77893762741662,6.58902580853068,95.9339064514383,1.18783522104227e-22,9.49436692179087e-19
Adam11,1.53693242192101,4.5432658523678,18.7671373179543,1.47690195314786e-05,0.0009676128943861
Plek2,-1.50529626173477,-0.412138147238412,8.59856070019582,0.0033642878191167,0.0480621135624662
Acot2,-1.55171453293777,5.5952339636214,16.2555785649101,5.53463943834092e-05,0.0025602796004392
Acot3,-3.61813450392079,5.25521428588413,19.4394973115063,1.03837264390323e-05,0.0007614415176806
Esrrb,-1.61645600056134,0.29636065450457,18.3156048298469,1.87167726363253e-05,0.0011507935667857
Hhipl1,1.62854561478049,1.02820528786742,5.04162435281138,0.0247452764500748,0.171829726728777
Hsp90aa1,-1.77965679111715,7.54597869468311,27.0265664748438,2.00678314707291e-07,3.73028318477994e-05
Cap2,3.62745029729322,-0.398181064604873,8.53151542419063,0.0034904894976776,0.0493359550043105
Cxcl14,2.11463992751345,0.275403429132113,8.85561106976797,0.0029218928380064,0.0432895077927447
Hapln1,-3.63607439523233,-1.45336678921643,10.8723108328032,0.0009761265926699,0.0202946795259119
Cfap20dc,2.9191002007542,-1.84806690558881,12.3064779734968,0.000451388923996,0.0120064947404339
Amer2,-2.62132817069546,0.183291013931386,14.1528581587006,0.000168540861425,0.0059345687461264
Scara5,2.02822670194856,2.07792398142309,6.07603699757914,0.0137027834475771,0.120028874626284
Sybu,-4.05280788886392,0.705910068791325,29.2029113921786,6.51811904998458e-08,1.46758663567681e-05
Gtse1,1.82051236081728,-0.454574139906359,8.14326569584091,0.0043221373100308,0.0564030098270633
Ttll8,-2.76349868194219,0.111816749687024,10.886246640184,0.000968809511884,0.0202449527542197
Fam83f,-1.78690201555983,1.07192509794123,7.36929641270446,0.0066346887911747,0.0750085820478919
Ly6e,1.50107055660269,7.86492124676771,22.1941824518746,2.46419326372107e-06,0.0002557960617782
Tymp,1.96427852601881,4.45380324197222,31.8232353204689,1.68860557722106e-08,4.9988979180474e-06
Tfrc,-2.88931045213696,4.35782014804623,44.3068478052139,2.8073248944270598e-11,2.4932164312395e-08
Adipoq,-5.10974640766646,-0.321706116924922,6.17624792218703,0.0129476554926264,0.115245668544056
Adamts5,1.66059796444098,1.16430511226008,12.05448795966,0.0005166783819605,0.0132578180000355
Rcan1,-1.54990568915073,4.27471417640445,49.0125100138505,2.5433520072947996e-12,3.1275403991242104e-09
Calcoco1,1.51833669741736,5.36104915010773,64.8352865431226,8.14278306977119e-16,3.2542632538340498e-12
Cyp39a1,-4.37229360188778,4.30435013247077,37.6764737040793,8.35056363392997e-10,4.04521546218196e-07
Tff3,-2.81241713208512,0.284098547095563,5.67943444771045,0.0171648998164263,0.137875817233647
Meiob,1.52978937755277,2.61330823396271,21.0327188352677,4.51506766327171e-06,0.0004148153543969
Cidea,-4.28300084463844,-0.459034676033961,4.06634582468708,0.0437458125385923,0.242988380556614
Ms4a1,2.17238251285339,-1.08473036783532,6.34804401539557,0.0117510791801771,0.107652006747456
Pacs1,1.52987280919726,2.49081932019986,20.8224675342774,5.03883744330036e-06,0.0004450323501027
Cyp26a1,-1.86056264573347,4.09950469774633,8.36068364070239,0.0038342628904528,0.0523884842451102
Pde6c,-2.30559410455378,0.299955749341368,10.1536347395866,0.0014401701090785,0.0262057513011379
Cyp2c55,2.00434870997611,2.25781770428062,7.84285525511311,0.0051021954989872,0.0624545259647048
Bhlhe22,-2.4335658604615,-1.45000717337686,6.5832541996497,0.0102942525244305,0.0989695891542523
Ankrd2,5.99099029365287,-0.978120113471695,14.070951695099,0.0001760416911699,0.0061225093968996
Loxl4,2.60317869233366,-0.039560338821555,10.9975037092872,0.0009123468391881,0.0195244666281955
Hps1,1.73798728715976,2.97809320013352,58.3539654643257,2.1895487328656e-14,5.0003037205127897e-11
Cyp2c23,2.15203134535976,6.63010480238191,5.87680409516943,0.015341644174357,0.129694089778568
Scd3,1.84714800441452,1.82652436620322,5.65263382847033,0.0174291749621053,0.138618303952346
Lmntd2,1.67763691307402,-0.233645395035696,11.5181768286899,0.0006891894975748,0.015967222185842
Hspa4l,-1.79501048468442,3.9677648369186,41.1063537109799,1.44166918860607e-10,9.45911574238475e-08
Npas2,2.56584472294184,0.601277306252361,6.33610354222137,0.0118304485681851,0.108083906728345
Nfasc,1.8753248268043,0.220347642925923,15.812431199526,6.99414733340107e-05,0.0030801222939875
Rgs16,3.16499778710002,6.11508222926783,12.5504890336414,0.0003961026274029,0.011012341915936
Ifi202b,-8.43704968990819,-0.0517843265565183,13.9910295065764,0.0001836849017557,0.0062877662515346
Atf3,-1.99832215992502,0.993037191703775,13.5898359680278,0.000227413500531,0.0073591745333798
Fmo3,-6.27997633891434,6.98498922695574,22.3224483978231,2.30496320016642e-06,0.0002424154060385
Lcn2,3.51294789640242,3.35543109490118,15.9493556382414,6.50599217649435e-05,0.0029190106611559
Nr4a2,2.30513557142845,-0.304461876495275,8.17485899780792,0.0042474970907114,0.0558392175099619
Lhx6,1.76707064227253,1.89915293431807,17.1424055768689,3.46793204828408e-05,0.0017850732891473
Chac1,2.58489136624878,1.39382827821414,12.3796933453971,0.0004340284280318,0.0117092168068892
Fermt1,-1.91761824216307,0.110732110716923,15.2954819157381,9.19361397308806e-05,0.0037301805323295
Prom2,-3.11527427951341,-0.0830065426734765,5.41882201637102,0.0199207957335398,0.150211076733558
Fabp5,3.03232222457088,3.56288680099828,16.1219161935533,5.93927356260002e-05,0.0027127207763349
Chrna4,1.87482167313335,1.44198754803788,4.39825512817508,0.0359757207552383,0.214913255602855
Sypl2,-4.58041844112708,-1.84587119328475,4.70328303605633,0.0301050584893891,0.193669466547902
Asic5,2.42481493497282,3.7920942852225,10.8888286643778,0.0009674599064671,0.0202432121266807
Efna3,1.84854893171276,-1.04838327350068,8.08287557125856,0.00446854833352,0.0575479310777092
Ntrk1,-3.27240021946274,-1.67290171829434,6.85544961029488,0.008837131613977,0.0891858497355036
Rorc,-1.91536760999264,5.92608926062936,55.3103169103763,1.02926945928211e-13,1.49580923418944e-10
Cyp7a1,-2.10498244876157,6.7535086515528,7.96121324705689,0.0047790368971677,0.0601633560803418
Orm3,2.17340111784308,3.6080943088454,8.31976284838564,0.0039216039616672,0.0529138623216077
Gpx7,-2.07157326853308,0.306265592594593,23.5637406634389,1.20843360939466e-06,0.0001568171132612
Cyp4a31,-3.02540222930499,6.22895610647876,30.8959491714659,2.72239425663105e-08,7.25336576441734e-06
Cyp4a14,-6.37258392616625,10.6273762730769,31.5298453578052,1.96398290930319e-08,5.50811066458259e-06
Slc34a2,-2.55513515165826,0.0359090463397296,8.72398900338943,0.0031405016642868,0.045806623727454
Lnx1,1.73942445823969,-1.28638775159462,4.18599214895139,0.0407593486232043,0.232126450691323
Crybb3,4.01418094482959,-0.122428077359659,26.4232469681518,2.74220236050464e-07,4.71363945537926e-05
Ulk1,1.68795384836038,6.45194881551343,58.7125342551002,1.8247533063694302e-14,4.8617510592702794e-11
Nat8,-1.65875918398376,3.7690363707075,15.8483322359471,6.86269924261183e-05,0.0030474197247886
Tuba8,-4.13229154032689,0.952813583518583,21.7701132354516,3.07350741525705e-06,0.0003033479793405
Wnt5b,-2.13345511941474,2.40811763123114,32.9426614135888,9.491736022817461e-09,3.09663045021959e-06
Clec2h,-6.71492854381439,0.727343073187624,13.2693123086054,0.0002697861531118,0.0084564734189138
Cyp2b10,-1.63804953397332,5.15996957138882,7.7074322954344,0.0054993921276285,0.0660505503773633
Plin1,-7.12880303847609,0.708352898422319,7.19529042658067,0.0073095159850206,0.0797820547889684
Ddias,3.28284187039322,-1.42844649271657,23.3902336059037,1.32248263299478e-06,0.0001664599443153
Tmc5,2.93735250132339,-0.349382915494058,8.87178928345954,0.0028961114340761,0.0430671975675729
Fgf21,3.0522127981492,3.79487546661965,17.1397549597475,3.47277488380348e-05,0.0017850732891473
Acsm2,1.74469359572448,2.3187871917808,4.52148738249777,0.033471720150668,0.205207565963844
Wee1,-1.8341646787706,3.58535154074038,6.73664871209166,0.0094451895946994,0.0933771186523594
Sfrp1,-1.88085544159808,-0.194028466793182,5.03922524871356,0.0247795699088288,0.171829726728777
Fgl1,1.90538136555498,7.84409788340962,9.18205496519977,0.0024439946562707,0.0378215862295681
Ucp1,-7.95300813329958,0.155066195839971,5.32388995172725,0.0210350032418902,0.155462580594016
Mt2,3.03014321000779,2.81053230352698,8.42785737534538,0.0036951550703418,0.0512766918007682
Mt1,1.85155245719605,8.02044864240767,5.00643248407195,0.0252532966027921,0.173783555528297
Usp2,-2.09871500290877,4.97247296117237,5.64233732151718,0.0175318198208585,0.139088670797143
Cspg5,2.49159128505233,1.32823424975708,17.8980646249958,2.33057992656464e-05,0.0013353560043574
Trib3,1.96569633303807,3.58147342454078,15.26553538218,9.34053097766493e-05,0.0037706497022462
Alas1,-1.72664387390717,8.49238126248967,8.30878958506401,0.0039453675598842,0.0530835360308078
Cyp2c38,-1.6305828242761,6.66430296942563,14.1123834214193,0.0001722063486518,0.0060106783614584
Fbxo21,1.52490064373824,7.3533727915985,34.1183425233954,5.18601063147756e-09,1.80225143380001e-06
Adamts15,-1.96328035674434,0.0048258171900856,19.3230419493075,1.10366425568439e-05,0.0007911738471466
Igf2bp2,1.98817728213454,0.201734149620838,9.29271893456573,0.0023006643612779,0.036310377384243
Dnah8,2.220843280637,-0.11779433282876,15.2071150726408,9.63397514584036e-05,0.0038513921923034
Kcnk1,1.71297000732464,0.79287936972901,4.38069797824461,0.0363481100958951,0.216571333579194
Eda2r,3.58724833569508,-1.27809487924143,18.0099079175692,2.19758214398308e-05,0.0012774744783168
Gnat1,1.55235447551557,2.83319897419612,15.1598067574737,9.87838972275054e-05,0.0039185096304687
Kcne3,-1.51683064159238,-1.29627416673825,4.0184422140817,0.0450052647927166,0.246962273739922
Isg15,1.52215362838131,2.77934666836671,11.7150449779981,0.0006199681267537,0.0148365426261753
Dnajc12,1.57057282916226,2.9575575351677,23.5217555399767,1.23509254606013e-06,0.0001568171132612
Scd1,1.87539646170373,11.8522711183082,6.80804866472363,0.0090747879696227,0.0906684753014931
Ppp1r14a,1.84744821182859,1.95034100098309,15.6041677906831,7.80822927520597e-05,0.0033464437853469
Mycn,1.77601770284887,0.254117306122683,8.3947792389822,0.0037630020999228,0.0519028054955714
Spon2,1.96249861840161,3.55844395740668,13.0994374234779,0.0002953844716943,0.0089775178929298
Vnn1,-3.33096167610387,5.77058482959851,17.1284732015613,3.49346348250602e-05,0.0017899521548506
Osbpl5,-1.66945101971447,2.53653452741187,13.9526750652604,0.0001874706982876,0.0063899927139154
Dzip1l,1.6342909599722,-0.58018546272524,7.41518641193181,0.0064675613185276,0.0739030988119962
D630003M21Rik,1.5109981506306,-0.234861230821784,9.85692430923136,0.0016919373066515,0.0295599014034217
Nmrk1,-1.91278447848113,3.45062806677287,23.2586820984028,1.41609729595287e-06,0.0001728071097183
Ddx60,1.73636607081952,1.53935351316013,13.2167768515396,0.0002774543393654,0.0086268863682086
A4gnt,4.26177179069556,-1.62983185838901,8.15864862156891,0.0042856292944549,0.0561098033588513
Hsd3b5,2.19943173229197,6.39418023125012,9.02172670578813,0.002667892490553,0.0404338849304742
Enpp6,2.16361550822366,-0.717072833920777,6.89036636045192,0.0086661505242217,0.0884091144098335
Gask1a,1.94443824430846,1.7112626983038,11.181773133983,0.0008260479287032,0.0181599265801128
Pcp4l1,-2.7918401582521,5.35429042746075,29.3202973020745,6.1349705464284e-08,1.40105198793149e-05
Srd5a2,1.52816013590124,1.31575464768241,5.19092883392042,0.0227050781798072,0.16256904825705
Capn8,3.06329627434255,1.25448856872118,15.7165713293077,7.35767391746219e-05,0.0031961895446888
Plcl2,-1.55589653682891,3.3615207320932,15.9938532757698,6.35484741841761e-05,0.0028697342042605
Camk1d,1.59554611203176,5.17598415024859,7.10031301441643,0.007707049134862,0.0825216928800433
Cplane1,1.63164042393037,2.49941091684764,40.3253409437944,2.15002058153331e-10,1.32193188524583e-07
Disp2,2.96621463765824,1.18555000187161,3.93549374231935,0.0472772602966967,0.254041775832939
Bmf,1.85801794577645,2.93915448152002,7.95612850283895,0.0047924817370397,0.0601909979849473
Fmo2,-3.05102000488894,5.40075967850093,23.3752186821361,1.33284579459321e-06,0.0001664599443153
Cbln3,1.56080869257154,0.276908084877341,10.4304181305048,0.0012395667672579,0.0238456249595489
Large2,-1.54244289302244,-0.208009004253574,7.33507012516053,0.0067622041277979,0.0759666867090494
Cyp2b13,-4.50017086997932,7.26814162284919,19.0018344214454,1.30592843391313e-05,0.0008921611942109
Abcb1a,-1.648876436636,3.30215019254201,14.7678482989656,0.0001215910903713,0.0046279885016104
Cyp2b9,-3.47125217529435,7.99381463997744,17.2798794208358,3.22584615725674e-05,0.0017132351053125
Mthfd1l,-1.66430069275241,0.489395316441326,7.30518949721798,0.0068755745519379,0.0769766007297586
Npnt,2.34687215566619,0.451698778130908,7.51716993087936,0.0061113620034106,0.0711125110968684
Gpr12,2.1397349443858,1.07675211961457,9.05062151284243,0.0026260553451303,0.0400191808839399
Serpina12,2.80543447075472,4.9850591237652,14.614140101952,0.0001319209770115,0.0048988535247832
Cux2,-2.08652143295078,3.75657549565302,6.00020618066949,0.014304206679686,0.123586224669742
Nmnat2,-2.30623360200281,-1.24564086790674,10.6021829146843,0.0011295422381067,0.0223476017554134
Nrep,-2.60676096560101,3.73950697243351,24.1782713059817,8.7817497567423e-07,0.000124234558948
Epop,-1.69631010623691,2.35702539774889,13.451611436132,0.0002447958313175,0.0078422969127098
Gm8399,-2.08885943221836,0.698299106966627,31.2897124383887,2.22254254923445e-08,6.12578710207965e-06
Ncmap,3.69596897432543,0.965381240850008,23.7366634315611,1.10458130801069e-06,0.0001509216819646
Krt13,-7.03805494090651,3.44738010872001,6.40899495123413,0.0113543666583845,0.105345853395784
Lingo4,-2.71922316797507,0.729119390526651,42.0998513749597,8.672978254412001e-11,6.93231151875151e-08
Cage1,2.07616276761143,0.0915324966358115,12.0752641078569,0.0005109522488185,0.0131956100963061
Zbtb7c,-2.02134573684757,0.575100365640022,7.5230498838911,0.0060914460585297,0.0710268830719599
Zfp354c,-1.56632817687443,-0.592972421879883,6.64480728324637,0.0099445234432265,0.0964642911185799
AY074887,4.14314344231251,-0.52068837330347,5.99950380263012,0.0143099025311956,0.123586224669742
Lrfn4,1.51559918390711,1.55727453016123,7.49321832266734,0.0061931773939016,0.0717941507026187
AI467606,1.75563141169103,-0.957023895949263,6.00988396519658,0.0142259629562712,0.123127365359476
Or5m3b,5.63034043893158,0.994454437719251,5.8423074051985,0.0156452964031616,0.131185950410956
Col27a1,-1.67802840097825,4.72925468552788,17.2058530668819,3.35401391320471e-05,0.0017579431611964
Slc16a5,-3.19381659671252,4.83286331398434,34.795593746541,3.6620132368092205e-09,1.46352359009081e-06
Gldn,-4.73221039241096,-1.82603875437018,5.71284787504976,0.0168411968546425,0.136384687395296
Adamts6,3.91481019629122,0.170504223689542,20.3922087080824,6.30861188113567e-06,0.0005145381098563
Hrk,-2.07962194725436,-1.69639783090249,6.24442454208973,0.0124584852490784,0.112584140865894
Depp1,2.32876290776789,6.35799681588954,18.2327708409057,1.95486223017282e-05,0.0011882291867506
Cd300e,-2.69818418546818,0.673567442446876,7.47373966484618,0.0062605375016588,0.0723128269519645
Rd3,2.00198721916548,0.837808745836344,23.0621626067298,1.56847148523092e-06,0.0001885231967135
Pls1,1.85791297850945,-0.268780333122857,5.37398792727879,0.0204391958604338,0.152682703282661
Tsku,-2.37705421172724,6.29839940127693,15.2065393312727,9.63691277944072e-05,0.0038513921923034
Tnfsf15,-4.03806612757098,-1.7163682665187,4.89142146802399,0.026990455303532,0.180758030365422
Fhip1a,1.58157681904566,1.93777816620565,18.9175184851142,1.36493477190489e-05,0.0009206686609144
Vtcn1,2.6087949985176,0.753346378218681,10.0532261689049,0.0015208137918115,0.0273472770257584
Lrrc15,-1.97062263461337,1.17945124359023,11.7701381112348,0.0006018851229515,0.014556332186844
Acot4,-1.6153059865829,6.86643694639215,18.3445444333282,1.84346099191796e-05,0.0011378211357838
Fcnaos,-2.87413800192582,-0.928963166939028,16.2680327372545,5.49837882716767e-05,0.0025602796004392
Tchh,-2.01044210194626,0.311335619331537,15.3281710504676,9.03589474454296e-05,0.0036980823820384
Pkdrej,2.09915091801282,0.404634416183513,7.37645787300652,0.0066083197988132,0.0749033361700829
St6galnac3,2.34452928435728,-0.309994588795266,18.7673024193449,1.47677410018069e-05,0.0009676128943861
Junb,1.53212850827156,5.25822779891853,10.7299876860015,0.0010541314799289,0.0212233574787707
Slc22a26,-1.56894346522843,5.8924353438213,6.00684352178732,0.0142504970111036,0.123272968192372
2310001K24Rik,-4.98721875465814,-0.842623091557473,11.4398873639032,0.0007188414842504,0.0165106321368219
Slc51b,-1.9348779116889,-0.77580602127372,6.21730455670513,0.0126507567730249,0.113706185818749
A930004D18Rik,-1.62610289899035,0.442393129769557,16.2331601131629,5.60051841599179e-05,0.0025726979137369
Lrtm2,-1.8290952662437,-0.559926473235917,4.08549108848343,0.0432528805513561,0.241298792658448
Wdr86,1.59591016692529,-0.144559423259339,4.68383690626416,0.030447669357202,0.194346086669704
Per2,-1.60742135716695,4.60228999757897,12.2700611950495,0.0004602831770876,0.0122024657859425
S100a9,1.74847607618328,0.0614515741235923,6.8246716622683,0.0089907082922731,0.0901415815504655
Unc93a2,1.61715188657389,2.21145870193659,20.7695228191514,5.18007943752189e-06,0.0004507997506261
Med12l,-1.7939562978092,0.253122994787436,6.19324816942007,0.0128238599078138,0.114718648285569
Chd9,-1.67846478024257,5.44577064094146,18.4903973382252,1.70762504992922e-05,0.001070513492085
Ces1d,-1.81439500468324,9.46155713040296,33.3236220824326,7.80290442890086e-09,2.6539836212853e-06
Hamp2,-6.71542016926526,8.01564915113789,11.7823613484385,0.0005979458736211,0.0144829738419805
Saa2,2.92275715748252,5.02272982326838,7.87066915186722,0.0050243057283351,0.0617835010562809
Mex3b,-1.57454171902004,-0.553079347904917,8.17621356414519,0.0042443263766155,0.0558392175099619
Prtn3,4.46855812965665,-0.705912324374984,12.4480257377366,0.0004184338773308,0.0114343315607025
Gsta2,-1.79471526727956,5.13179277356781,20.4979697991962,5.9694534059069e-06,0.0004944439489472
Col25a1,1.77075606193094,-0.957179461905316,7.40887588576436,0.0064902863840803,0.0740569008821616
Gm12715,-1.88964450748278,4.8520996751704,55.9264592319804,7.523319534299431e-14,1.33630873417012e-10
Dbp,3.34829439379344,5.96679013967269,11.1064072076199,0.0008602998780425,0.0186099510830697
Atp8b4,1.90833081228134,0.30088124202231,16.2505619155324,5.5493133830284e-05,0.0025602796004392
Klk1b22,6.31617911555001,-2.09346451241342,4.87732223609466,0.027211802828255,0.181680245906404
Caln1,-1.62436251774438,2.11804668138116,20.029128742239,7.62714375486057e-06,0.0005947683905619
Nuggc,3.70781219431223,0.88233662983088,21.5531644015937,3.44154362413743e-06,0.000327508369631
Cyp26c1,-1.83666802843471,-1.40345811072038,5.71963485115958,0.0167762190001855,0.135927337525071
Syt9,1.97263574078432,-0.109396323875967,14.2081062278606,0.0001636639479627,0.0058011793173681
Zfp677,-1.7639068753682,-1.33849419313066,5.84557676168414,0.0156162546010638,0.1311831035484
Actg1,-1.94777887538237,6.66130825713583,57.815366410502,2.87911783806019e-14,5.75319721990378e-11
Cyp26b1,-3.58991121192606,3.02207249856409,18.7029306779508,1.52747540820103e-05,0.0009846057207863
Mapk15,1.57108185376863,3.87846699393067,21.9400420842904,2.81302729337627e-06,0.0002828242409554
Cyp4a10,-4.96405452960864,10.3342138332652,44.1367551297756,3.06216764229723e-11,2.57641115419808e-08
Adamtsl1,-1.67350584548266,-0.539885628369211,7.88354602666945,0.0049886568436073,0.0615212217072562
Unc93a,2.61530423493534,-0.651148286274708,10.6172639486541,0.0011203669812216,0.0221935397296274
Nipal1,-2.02146069864197,3.19605296494157,6.10822346508192,0.0134554310500127,0.118446322007436
Sort1,1.56905561978731,3.62143327701388,14.3412737680125,0.0001524848131154,0.0054901401406842
Adgrv1,2.57426654420338,0.989583649334085,18.5382711363811,1.66526769015989e-05,0.0010480696572793
Cd300ld4,-1.82323100181839,-1.35488784617694,4.68865791141442,0.0303623535461483,0.194226724205173
Trim80,-3.29694672813839,0.322520736437638,4.15246401393401,0.0415739847451793,0.235368995483392
Gm20634,-2.01305815470421,-0.69435323790384,11.5865898987323,0.0006642911520014,0.0155253777132978
Gm10419,2.47174686280927,-1.96370471315416,4.19776538757371,0.0404772845458002,0.231344251251041
Nup62cl,-1.66029613311747,-1.0353750662214,4.74308805530084,0.0294162240411119,0.190537989271157
Acot1,-2.34482868155319,7.14734019687402,20.4118931864612,6.24405390198848e-06,0.000511884336806
Bhlhb9,-1.579308455894,1.19619816589511,7.13139748384202,0.0075745669454924,0.08170514655239
Gm10475,2.10775621451981,-0.615625641599775,4.50960332254633,0.0337050566063602,0.206282172629891
Mup-ps12,3.77328051459725,2.17771296577469,12.7267477506046,0.000360462834673,0.0103268080198615
Mup-ps2,2.61646413599566,1.81973855331105,12.3514006700134,0.0004406557379235,0.0117798037231546
Saa1,2.08507871020864,6.41301035382491,4.65922559328743,0.0308871192754866,0.195802198867633
Gsta5,-2.23301398239442,2.56466040548084,18.0743058440686,2.12449085723202e-05,0.0012525225655844
Gsta1,-1.95411913810107,4.40914955618558,20.6539739841784,5.50228637662294e-06,0.0004703719252229
Cyp2a4,-4.75248112990217,8.54001093747207,31.5619155262312,1.93181342932852e-08,5.50811066458259e-06
Gm6166,3.60063536619138,2.76653569499033,13.0845123829056,0.0002977473315,0.0090291183755995
Zfp1003,-2.79726866331771,4.63670632102166,30.4004537346377,3.51445943274297e-08,9.21018827734904e-06
Arrdc3,2.00996493205822,7.03994531533559,11.9522108391083,0.0005458257484695,0.0136768775327359
Cyp3a41a,1.69696763792549,8.53647417761758,5.45900729276531,0.0194677038054898,0.148363141345247
Ly6a,1.74962781006428,3.64074039956261,4.91224632571297,0.0266669390431993,0.179569371333018
Ighm,2.44632187368712,4.33975890607882,14.6822330948696,0.0001272400552177,0.0047860224063768
Klhdc7a,1.77620944408645,5.51016229237126,23.5219072409948,1.23499516775608e-06,0.0001568171132612
Sprr2a1,-5.00259693372285,-2.47759834640753,4.00979092424483,0.0452367600885733,0.247740612119196
Mup-ps4,9.97862051555368,2.67100756319764,34.1945859235094,4.98674986077643e-09,1.77151518387493e-06
Gm14322,-1.74979718848131,-0.879801198542345,8.47808559695852,0.0035945016998615,0.0503241698695557
Zfp970,-1.51330633656664,3.3500100937429,8.79435063950734,0.0030216477885075,0.0443156527954884
Gm11008,-2.73042096367419,-1.57027411342025,17.1039339189869,3.53889266249653e-05,0.00180743572213
Hsp25-ps1,-2.28068862741075,-1.48644738298661,8.69934296424944,0.0031832477002469,0.046135446723616
Nat8f5,-2.38991134510628,1.22543988824996,23.6742973794131,1.14096220876018e-06,0.0001518868794811
Nat8f6,-1.94326864269714,-0.358755301915881,6.73403909238711,0.0094590171720902,0.0934560250389586
Gm14387,-2.86379029815989,-0.306088496006101,24.9317052933459,5.9397506206205e-07,9.13008205973455e-05
H3c15,-1.77275917359479,1.47450929094639,13.7209885361491,0.000212071223396,0.0070189867022951
Gm13775,3.46604065249389,1.99044665235992,10.1814709279986,0.0014185896904145,0.0260362511951401
Mup-ps14,3.9102314686069,1.51140156259006,15.3917560124141,8.73686348400199e-05,0.0035904241556621
Mup-ps10,2.56804158412364,2.1139206207167,9.45835391909993,0.0021018961074305,0.0343567598909866
Btc,1.92449689602308,0.202435008098523,13.0815294779013,0.0002982218505139,0.0090291183755995
Gm14416,-2.72654461417928,-1.01730854977027,28.3740768521547,9.99953774344122e-08,2.07600792683963e-05
Gm5844,-1.87314633847964,1.47700540504806,25.1389841181766,5.33434981910914e-07,8.27911807847367e-05
Gm14421,-1.90189856637828,-0.802768012821895,10.1991524977843,0.00140505211744,0.025936678001613
Gm14405,-2.63205966466839,-1.53994887811379,15.4277141371201,8.57218580360759e-05,0.0035318289241358
Gm5403,2.20879201860231,-0.912401949715397,8.90496865084924,0.0028439576041592,0.0423986195710735
Mup-ps15,3.10122555402672,0.597184704277625,6.21268184660246,0.0126838331478601,0.113742574830571
Gm15375,-2.71212597206702,-0.688384161899778,10.6976807482811,0.0010726992429943,0.021462040173351
Gm12346,-1.76165530830924,3.69820566557205,27.96074009504,1.23801901945845e-07,2.4918216918305e-05
Gm15982,1.90567763115491,-0.171474194800399,7.38414834025278,0.0065801221049479,0.0747086874784789
Mup-ps20,5.37494450314607,-2.64947459871486,8.83416881723009,0.0029564225883282,0.0436796409399398
Gm1980,-1.96903760166333,-2.11748499924138,8.16804590255846,0.0042634815082003,0.0559573196962984
C230037L18Rik,1.74502085306029,-0.629145899823981,6.84955492973703,0.008866335725505,0.0893369602752647
Gm11419,1.97782520096814,-1.05820825715662,4.50583751936224,0.0337793500086898,0.206578687543579
B430219N15Rik,2.8909210660018,-0.636406078392259,12.1359918854068,0.0004945795658241,0.0128349820442618
Gm12576,-1.65790055751786,-0.921400499275198,11.3278435185647,0.0007635351837992,0.0171913710538246
Gm15663,1.51093327754009,-0.258540422148859,4.10701326327349,0.0427057178154053,0.239794030557453
Gm16348,-6.22654929275,-0.883346474734783,7.23661239167441,0.007143162997966,0.0786436664500583
Gm11695,-5.03026120429113,-0.189913293180303,15.7461052486615,7.24369196161574e-05,0.0031638704835625
Gm15886,2.23150476548495,1.03999885585077,5.84123250597449,0.0156548569199648,0.131185950410956
D630024D03Rik,1.75617329154948,0.284746748389226,11.3888852808963,0.0007388485453887,0.0168507779578434
Gm11832,1.68052923429441,0.769685822546625,7.60951986302103,0.0058060941841839,0.0687018664902774
Gm12718,1.73583292950076,0.898452461400295,6.24741187187482,0.0124374904733835,0.112457987956736
Gm15998,2.12184538345228,0.563803758845976,13.8398509554075,0.0001990690043085,0.0066715243246879
4933421A08Rik,-3.10938276921412,-0.604073261424113,18.0793526442679,2.11886703501577e-05,0.0012525225655844
Gm15655,-2.83825423246939,-0.382589531062667,10.4043083509679,0.0012572164312719,0.0240263744939421
Gm13657,2.12478738584144,-0.998981492026892,7.96902147877665,0.0047584655009913,0.0600859632692324
Gm11766,-1.64312645211893,-1.06650691055247,3.96091572194727,0.0465683638443825,0.252094094309188
4930481A15Rik,-6.22602335530748,-0.346440802479189,13.2020781801004,0.000279638862018,0.0086299360004244
Gm13203,2.61502391526714,-1.65682326006006,9.65604782586443,0.0018872921200118,0.0317247653317657
2900089D17Rik,2.37272126118997,-0.868530182991428,8.52475808039915,0.0035034731805774,0.0494320584860649
Hectd2os,1.65243923185074,3.43198242071418,12.6459078157058,0.0003763886529672,0.0105932200815737
Gm11773,2.1153782008312,-1.54059484244506,8.30678930884324,0.0039497151016589,0.0530835360308078
Gm12494,2.84053746536422,-0.634643314689541,7.03446885556894,0.007995558331354,0.0843157538277657
Gm15889,-1.79714368598579,1.40553581475712,9.29717500321829,0.0022950749443736,0.036310377384243
Rdh1,2.03103619668534,-0.937487839468433,5.6009775203812,0.0179504592672911,0.140690467436676
Mup-ps16,2.47718588142633,0.497866754470689,4.62074478763431,0.0315875197993854,0.198200096839683
Eif4ebp3,-1.8589988425595,0.994305148419135,8.06388549182425,0.0045156242668097,0.0579813409873259
H2af-ps2,4.80645974687163,1.29247450206698,12.0493134226463,0.000518114588672,0.0132733650873582
5330438I03Rik,-1.66249946245048,0.122715532368993,4.6069962034267,0.0318417618845399,0.199382062470135
Tnnc1,-2.7731648421725,0.0012245455671604,15.4592333507978,8.43040730862465e-05,0.0035004628489175
Gm20536,1.91504269133341,0.534029179348899,9.28667873998474,0.0023082628620565,0.036318789481138
Gm20406,-1.5228667972718,-0.998182830588785,5.06673363446546,0.0243892991236401,0.170405304104244
Gm379,2.53682701730856,-0.44194753858896,13.0080993799703,0.0003101465740993,0.009337105712904
Gm16867,-1.52266540271971,0.982395337688544,6.57264081105627,0.0103558178921352,0.0993686103383394
Ankrd40cl,2.03490437824554,-0.663296316985372,6.57795461500105,0.0103249469203625,0.0991914672289152
Ccl21a,-2.21665273169078,-0.634773495943868,4.97968342983297,0.0256466757706602,0.175734144393388
Gm21286,2.77607481855029,0.347104491476177,5.73480200779403,0.0166319429702703,0.135677136537077
Hsd3b8,2.08498640074107,-1.62963769299178,4.67575665021371,0.0305912239842805,0.194833189885541
Mup-ps13,2.59227128262043,3.17578329155127,25.836817115175,3.71533538127134e-07,6.18680743802121e-05
Fmo6,-6.5903312562818,-1.02542940671906,22.3989315270242,2.2149720149736e-06,0.0002376412257138
Mup-ps11,5.97798697089029,-1.18123989392484,10.9242388014386,0.0009491419320848,0.0200435705763649
A930007I19Rik,-1.66482112052005,0.344972021592609,14.6772555219562,0.0001275764913295,0.0047874126535059
Gm5345,-7.49970669370763,1.17896328734303,8.79081819983202,0.0030275043292693,0.044360847119798
Gtpbp4-ps1,-1.79890055786903,-0.51400300655205,4.14452641309761,0.0417693378000685,0.235950091698123
Gm27206,2.82236612789175,-0.758267829725696,6.4835021321169,0.0108880248990239,0.102722233003094
Gm28513,4.60252420114955,-0.148500465004879,7.2609881937027,0.0070468505299705,0.0782305114847699
1810008I18Rik,2.05924102352145,5.86021471306766,18.9724213444447,1.32621566672781e-05,0.0008983425274707
Ovol3,-1.56629224499724,-1.47601508971413,7.37800974326103,0.0066026198264768,0.0749033361700829
Or5m9,6.61022787726168,-0.645645542717805,6.26925469514293,0.0122850807404894,0.11126872561896
Gm37795,2.73479536114519,-1.6177943213024,5.52934907418323,0.0187000610045175,0.144136535785061
Gm37273,-6.70623633162441,-0.995295682144574,27.9467504472745,1.24700197264131e-07,2.4918216918305e-05
Gm38357,-3.6458928915923,-1.4571586467259,8.47781658806141,0.0035950332785582,0.0503241698695557
Gm31121,4.11125840610438,-1.38256819462713,14.0407734925547,0.0001788893481263,0.0061793926998484
Gm43401,-2.25667059361123,-1.54936072208981,10.4031865053666,0.0012579804486068,0.0240263744939421
Gm20752,5.88362882017485,-0.366743406616525,4.61015185667209,0.0317832186124008,0.19909346894116
Gm9260,-1.62333009784361,-0.241151711426278,17.177871392304,3.4037831345781e-05,0.0017666518567975
Gm43549,2.61626827430604,-1.15804858215559,6.6327256960528,0.0100121942632903,0.0970029924199752
Gm7993,-1.7139432998617,3.83142481704768,24.2046603554692,8.6622420016368e-07,0.000123638036284
Gm6794,-4.13084732733418,-1.53286158708691,4.52115994081738,0.0334781266128928,0.205207565963844
Gm44101,-2.05501620012346,-0.161164657575019,9.70773168100787,0.0018349436226482,0.0311377249520255
Gm42375,-4.58599270477285,0.537558043878241,8.36591587394102,0.0038232388443466,0.052358682121852
Gm45051,-1.85700108310755,0.947259810369932,29.5286899797566,5.50950860669936e-08,1.27754769026048e-05
Cyp2a21-ps,-2.96630286448308,3.05894604323477,13.2611401382229,0.0002709647986756,0.0084767970090601
Gm44662,-2.31705644177587,4.04835642717381,6.04464111555001,0.0139485680560067,0.121054185094095
Gm45225,-6.04811958270715,0.662346335668619,18.88286069824,1.38995895122431e-05,0.0009336085627845
Gm44787,2.37456336204719,1.16105859358198,11.8953827456877,0.0005627326359233,0.0139786060692267
Gm44911,2.34550131358346,-0.0334139976647115,31.8504408462206,1.66511875595844e-08,4.9988979180474e-06
Gm31522,1.84391400266157,-1.11896787701247,4.7217747903431,0.0297829880046291,0.192368018683637
Gm45246,1.65705465583454,-1.17368178257245,5.99399466129989,0.0143546592953006,0.123680886875276
Gm45819,-4.82534337249325,0.792439017119501,17.1840244444845,3.39277580782291e-05,0.0017666518567975
Gm45909,-1.7259186628478,0.751898298729783,4.58081288255812,0.0323318735123684,0.201080362803478
Gm45774,3.01138651217662,1.22391153376911,7.01810822523359,0.0080689437145025,0.0845979931069359
Gm42047,2.21472788616625,4.28845078306912,10.8677248034775,0.0009785467160213,0.0202946795259119
Gm39318,-1.53472315913524,-0.129582427714612,11.9768845445376,0.0005386456392509,0.0136282304196801
Gm6545,1.50352837794597,-0.500349189016848,4.20438033561636,0.0403197030055186,0.230951965392239
Gm34654,3.68798691748279,-0.687676147290014,16.7295417703157,4.3104550424336e-05,0.002126757231739
Gm32511,1.91959043445904,0.430280106119615,15.4650053606744,8.40470061418165e-05,0.0034988943754767
Gm19572,3.66350434419951,-1.0575777670623,13.2020997781276,0.0002796356394237,0.0086299360004244
Gsta13,-1.95060495489225,2.84569877104847,6.06251963259348,0.013808054194731,0.120498946661714
Rpl26-ps6,-1.61854437546379,-0.138641614671653,7.30647746354107,0.0068706480561525,0.0769766007297586
A330049N07Rik,6.0330107869038,-0.666976469464811,4.83769482557896,0.0278440913975884,0.183961285940424
Gm30906,4.92525602052682,-1.2739047432868,18.0123593675907,2.19475404478528e-05,0.0012774744783168
Gm47939,2.35708513263227,-1.52252945353597,5.7409317079681,0.0165739984525923,0.135545302134302
Gm47761,2.039646800386,-0.701664973387238,4.66972312849914,0.0306988761635221,0.195082709813624
Gm35696,1.77273600620061,1.77860880556374,4.5651188900849,0.0326294094034776,0.20186290198297
4930459C07Rik,3.00029548028225,-1.72645965355955,16.8300543376673,4.08807190494082e-05,0.0020486494505449
Gm36041,1.71320492617557,3.01119838947868,16.2477794237386,5.55746916897549e-05,0.0025602796004392
Gm48877,3.89846892486204,-0.984619921251978,22.4824667139971,2.12070494820027e-06,0.0002290647925806
Spata22,1.8596537354884,-0.750869063040114,11.1697294527484,0.0008314275064008,0.0181795728196563
Dio3os,-2.04367498021914,1.32267324584425,8.93358975584079,0.0027997355014037,0.0419254572360222
Gm31333,3.57596220697974,-1.21086763835155,6.38502532265346,0.0115087119379172,0.106232975101437
Gm47348,1.83610351062657,0.0853370060773794,6.74660001150153,0.0093926504419883,0.0931861524349227
Cyp2c52-ps,-2.05598281019453,-1.33207400263096,10.7066798998468,0.001067494167715,0.0214114953137925
Gm31600,-2.58635028410087,-1.32817008076668,7.38551811163849,0.0065751126363238,0.0747060298622998
1700087I21Rik,3.21975152569616,-0.673010733456323,13.5541638255836,0.0002317766661905,0.0074701245679875
Gm49190,1.5226508358636,-0.613979692345539,6.92253909812324,0.0085116038228213,0.0875588794798084
Gm31583,1.59052613985288,5.64790645945665,13.3949152827182,0.0002523073361799,0.0079869011409361
Pdxp,-3.99100193688253,-1.43957983872888,14.3887436611151,0.0001486884728994,0.0054021225631141
Gm46565,1.90250679551108,-0.96395426962536,6.8428539036076,0.008899654753352,0.0894216724620279
Gm16385,-2.00691589372551,-1.28383158788763,20.5677569671696,5.75574058133397e-06,0.0004842698364905
1810044K17Rik,-2.04136334195787,0.0336137189377746,10.8624357313257,0.0009813453818046,0.0202946795259119
Gm19522,-2.61165384685002,1.19750928918051,55.6850881048126,8.506106220141721e-14,1.35978614035186e-10
Gm22146,-1.50381531516196,1.87449330174738,7.07331041991446,0.007824056426851,0.0830513718722719
Gm29863,2.00089266207713,-1.17918652670224,9.96123463011562,0.0015987080793733,0.0283838847619821
Gm46620,2.0959700945027,3.19537017105725,3.96230974034148,0.0465298169582026,0.251973459991134
Gm6951,2.98790584222552,-2.11889797369469,6.60658846214826,0.0101602127327746,0.0981050606128816
Gm56807,1.7523134165544,2.52769862243647,14.8062397565984,0.0001191406404412,0.0045673435925493
Gm56643,2.23002544331036,-1.18015634236139,5.24912556209725,0.0219578028800648,0.159119418332147
Gm32006,4.09293339338992,0.865460102979743,13.8762868225889,0.0001952464526754,0.0065848307858
Gm32202,-1.65934498775473,1.05307562835857,12.3953330185858,0.0004304082271337,0.0116618744389145
Gm56814,1.70945451798816,-0.605292368262544,5.04851727636673,0.0246470209178843,0.17145660417463
Gm36629,2.60437795884794,0.021533930149809,14.5137502955094,0.0001391402280568,0.0051251052666286
1700029K24Rik,-2.02567439617681,-1.22261882363478,6.10631191222302,0.0134699922308178,0.118482452909506
Gm56902,3.1304023875941,0.496141521331345,8.92314143876118,0.002815797555875,0.0420685418020738
Gm57061,2.24345008706376,1.10492502065796,12.8109771373882,0.0003445915506723,0.010052896695791
Gm57173,2.04123675477836,1.27934667181838,20.9738147686874,4.65603801404126e-06,0.0004253224210997
