V1,GHRKOControl.M-GHRKO.M_logFC,GHRKOControl.M-GHRKO.M_logCPM,GHRKOControl.M-GHRKO.M_LR,GHRKOControl.M-GHRKO.M_PValue,GHRKOControl.M-GHRKO.M_FDR
H19,-3.23550432328126,2.15347200908049,5.58049870683328,0.0181615502515925,0.0931143496863238
Cdh1,2.74095799463004,3.71510248551308,23.7293696116884,1.10877532160625e-06,4.24040246200896e-05
Sult5a1,8.56440295399814,4.09101042023343,86.4854580122825,1.4076861387757302e-20,3.87987424387393e-18
Il12rb1,2.64398674633536,0.813555984873979,24.9159235321445,5.98857334027268e-07,2.51921462835421e-05
Vpreb3,-1.85182841997047,-0.674759357712211,9.22671042507382,0.0023850977758467,0.0221289454699281
C1ql4,5.96663439908541,-1.00658156952152,18.5409662825792,1.66291472779468e-05,0.0004219580133099
Fndc5,-1.80119055304383,-0.692818831660731,8.07574981757399,0.0044861540417448,0.0348981306624488
Ube2c,-1.62904220726716,-0.666094630857162,4.65168043630219,0.0310231631519593,0.133884548509563
Gstt3,-2.06370845832279,5.70593511835291,49.2408788288712,2.26383531738668e-12,3.04114885577676e-10
Hsf2bp,3.69683374253491,-0.48631973072955,13.9935414442309,0.0001834396633744,0.0030965854896554
Rec8,2.21243866055103,-0.684247713186742,8.2022646849466,0.0041838134749713,0.0333079891488509
Cd36,-3.09349731505008,6.02565798519947,25.7177662047515,3.95172356333537e-07,1.75967278226962e-05
Dlgap1,5.01683215799754,0.851699490032221,61.2700166556439,4.97600823961587e-15,8.74137007895597e-13
Inmt,-1.5041782660852,8.93918697939566,15.015861225022,0.0001066113539864,0.002007407661752
Cyp17a1,-5.61392611504209,5.38480278834984,53.6497716158947,2.39611544407971e-13,3.5141560999136e-11
Nqo1,-1.65952709988327,2.74834286325092,40.1268056401282,2.38000618749698e-10,2.2249578311887e-08
Gstm3,-2.03760726748572,5.83783601948952,15.4352634019468,8.53801101024644e-05,0.0016706076378188
Ccl24,-1.51993970974979,0.919223230990694,7.49094108374929,0.0062010140910403,0.0440183886586905
Hspb1,3.25068946878292,4.45922322764901,25.4358447350208,4.57341027009545e-07,2.0030283993903e-05
Cyp2a5,-2.69444657880246,10.74799299718,27.1535807722244,1.87916821170652e-07,9.44666133092465e-06
Atp4a,3.10615010997333,-0.876955899687589,10.0890498687859,0.0014915299180428,0.0154716503546249
Tuft1,1.88815492703497,2.17483725330316,19.9159554778494,8.09221447828859e-06,0.0002318317932794
Cdc20,-1.68335462553539,-0.350128475017517,6.20944548389993,0.0127070428192121,0.0728342726812206
Ihh,3.04619229155115,0.827502412772809,21.0892147561923,4.38388601510779e-06,0.0001387738650247
Krt23,-3.56947359837087,3.39521827207173,27.1702024418459,1.86308116838769e-07,9.39533613812166e-06
Hapln4,2.22786996901565,3.46589700579475,30.1605119204209,3.97725562316217e-08,2.31133805882046e-06
Bmp7,-2.56773324625123,0.680161181293919,20.9505263130146,4.71298330785422e-06,0.0001465792824112
Derl3,4.15953137155951,2.13717836655579,18.8961575574532,1.38030411521831e-05,0.0003605480651287
Gnat2,1.79440794165241,-0.518857355201614,11.1350399016961,0.0008471210805382,0.0100460516272144
G0s2,-1.66563092433608,7.2417212627507,8.89845586276954,0.0028541191135467,0.0252382701381
Zmynd10,-1.99990570263491,-1.56960397840183,5.85365523955998,0.0155447311644138,0.0836412226167346
Mogat1,-3.28981817140888,0.106496150395278,14.5759812031678,0.0001346195450806,0.0024018170174768
Nol3,-2.15040967490051,-0.319581529598668,12.0085840431713,0.0005295607510182,0.007025359473675
Ptgds,1.74442695293108,1.8599265419339,8.5466636934818,0.0034615607998871,0.0291602005660985
Clic3,2.37384864588649,0.330859170696566,9.30921492758466,0.0022800416049176,0.0214501274321134
Gadd45b,-1.70153622084098,2.7416627267814,7.90265614049335,0.0049362260375206,0.0373452481948915
Cd83,-2.29639103584309,0.209704097543647,31.0308381599196,2.53961173483499e-08,1.53200879973857e-06
C4a,3.62775052050208,7.8646761268036,31.4577637280973,2.03825991777124e-08,1.26784525468837e-06
Lpl,-2.00511959262913,4.74000233842072,11.7250964725372,0.0006166285216666,0.0078607843280405
Celsr1,2.12314112877445,4.47701079730962,22.8034620288266,1.79442168692673e-06,6.4317545038589e-05
Mpped2,-1.65860542207702,-1.17798956886401,4.1605271038145,0.0413765257828283,0.161834263704333
Cmah,2.37058576513744,6.65265865741986,52.7008360712721,3.88425722715419e-13,5.5940302732690895e-11
Wsb1,1.98813351022785,4.1786179687097,30.9182608331088,2.69127547070292e-08,1.61133819006206e-06
Slc2a4,-3.92906478921006,-0.212075703574932,9.47395820307848,0.0020840920584175,0.0201081423178576
Amd-ps4,1.54595200542939,0.814633624962947,13.1703796436766,0.0002844091111114,0.0043970638783632
Fam184a,3.13455661111427,-0.863214806007261,14.7459117815863,0.0001230139668136,0.0022372028139743
Cabcoco1,-1.60619124611812,0.0160864302385178,20.60878908609,5.63368833474647e-06,0.0001699247956967
Vnn3,-2.44132749219717,5.69308865065238,28.1797017038845,1.10557960422583e-07,5.77575018076933e-06
Socs2,3.94504002248333,3.92136192209752,29.2395737494589,6.39594599653197e-08,3.5379097820263e-06
Abtb3,-3.13037526389891,-1.22008639386428,9.51071120111495,0.0020427597533066,0.019856172622454
Igf1,6.02545606932434,8.52530210871226,549.59336580179,1.54329746771224e-121,2.4671153318847802e-117
Slc16a7,-1.89141550813091,6.40390363285896,55.8004889856315,8.02115888960275e-14,1.2212023429446598e-11
Egfr,5.27620332569975,7.69994764791278,100.249079193458,1.3438779322856302e-23,4.88255286943594e-21
Slc36a2,-5.28707096310466,-1.3917470870544,3.9756136431532,0.046163629933447,0.173640420733196
Btg2,-1.67919159958162,3.37692156017479,12.962756120276,0.0003177490624687,0.0048010742085304
Igfbp1,-5.37292161634349,6.46467939376137,36.738156231412,1.3510895416059302e-09,1.10196517408737e-07
Adcy1,-1.89224307576606,0.379068789863341,4.04663864980377,0.0442593900021162,0.169375172240921
Lpin1,1.64106988027195,6.34785382275838,6.52672475352047,0.0106265452193766,0.0640020812009151
Arsg,1.64133802206844,4.04176690792157,21.1993212824812,4.13911063325972e-06,0.0001326008468603
Ace,-3.16600332030392,0.677684666094693,29.1165988308656,6.81505849813195e-08,3.74383247942053e-06
Plek2,-1.58227118214277,-0.412138147238412,10.0874748248148,0.0014928053469145,0.0154716503546249
Ifi27l2b,-2.16953980499752,1.70847974962646,14.6684662563224,0.0001281727495765,0.0023138326053588
Acot3,-2.39425166807843,5.25521428588413,9.57037564212392,0.0019774231706523,0.019381414350735
Meg3,3.62640447709319,2.74494259474168,22.5526749592334,2.04459639838205e-06,7.23117655410078e-05
Carmil1,4.26222230736545,2.70037312317726,103.501773273167,2.60161173959532e-24,1.0143747626627e-21
Cap2,-3.73069825123661,-0.398181064604873,9.11571792466945,0.0025342247822388,0.0230182485050396
Gadd45g,2.20856740253436,4.07148513906948,4.69928338964425,0.0301751964109815,0.131438880061567
Srd5a1,3.40712830560592,5.23084235374534,149.833037360635,1.88561889968076e-34,1.88396898314354e-31
Cfap20dc,3.8187312640692,-1.84806690558881,11.9771476059926,0.0005385696036518,0.0071036086501468
Slc25a30,1.78900728791277,5.00530688901836,8.84586921899825,0.0029375296596792,0.0257452572037463
Scara5,5.34381083392639,2.07792398142309,24.2997419399046,8.24501077198857e-07,3.31167693972385e-05
Dct,7.51030391051215,3.27394938514983,76.8308310687557,1.8624722332286e-18,4.72594938418926e-16
C9,2.19228132931008,7.86552780536324,71.6261958436477,2.60080812160354e-17,5.85584769464144e-15
Ajuba,2.28963665560828,2.31966915716308,23.5920308335504,1.19079662604898e-06,4.50138855858156e-05
C6,4.57224070769078,6.00900751314412,134.323275844381,4.64259234946504e-31,3.90613059466043e-28
Tgm1,3.12634641906697,3.48427186975152,47.90795538672,4.4670539482964295e-12,5.57893159511459e-10
Fzd6,1.7905004768464,2.05068730040438,25.9567409597648,3.49154109688895e-07,1.58567545383144e-05
Sybu,-3.7902782288797,0.705910068791325,36.3456038401965,1.6525153365177e-09,1.30133547633359e-07
Myc,2.22861115873924,2.40344645185976,11.6191734146491,0.0006527540408049,0.0081971139798179
Fam83f,-2.14676373478181,1.07192509794123,9.86584426881885,0.0016837539389677,0.0170357534609735
Syngr1,-1.58808826827164,-0.0678480931407886,6.96732078331782,0.0083011695673104,0.0540980418683344
Ly6c2,-2.08615094838733,-1.09658429045751,10.8174898148677,0.0010054571722635,0.0113994598268117
Ncam2,1.85013810568729,0.716088201332486,12.88410975809,0.0003313837366895,0.0049602063808237
Sdf2l1,2.23106206649283,4.97215793467443,15.922970461816,6.59731680835741e-05,0.0013417901590127
Robo1,-1.95040622322292,1.77344189016128,8.66636836047763,0.0032413651378095,0.0276945286440535
Cela1,1.53180424879368,4.51129930661463,21.5985497913083,3.36105870557898e-06,0.000111937259307
Nr4a1,-3.2163076394254,2.55698572566599,11.5206542223024,0.0006882716288086,0.0085757679330748
Csad,3.63341873103307,7.457882991502,33.3036725510716,7.88336201238557e-09,5.43204418663775e-07
Slc10a2,2.60886144294223,3.82011163239288,43.0341853315654,5.3791682379875495e-11,5.81022861165331e-09
Clec4n,-1.89082972551122,0.167000721256836,16.2074370495621,5.67708048255031e-05,0.0011847755691129
Cyp39a1,-2.41929975719019,4.30435013247077,14.8584052264139,0.0001158904796892,0.0021319047276328
Tff3,3.43353879545096,0.284098547095563,5.05699368787153,0.0245267483629126,0.11391185337871
Tedc2,1.59734885242069,5.41416095782937,19.1368601183824,1.21672239821957e-05,0.0003241754042989
Dusp1,-1.59851155295652,4.9548802847442,7.1377575952929,0.0075477482852899,0.0506541998692884
Grm8,4.61411347117203,0.541311698619078,43.1373940928441,5.1027607876607096e-11,5.587173558324931e-09
Fkbp5,2.06470005495283,5.47442464327955,18.9095744163375,1.3706304110446e-05,0.0003586071645001
Cyp4f14,2.57225031360683,7.87684316208229,115.574029755033,5.89180741680333e-27,3.03827204403284e-24
Cyp21a1,7.79321456007462,2.64825704779264,13.6380711773629,0.0002216450139569,0.003582400639827
Lama3,3.52715092021632,2.08268162683805,59.0321241292119,1.5511875914739902e-14,2.5564211172477497e-12
Ttc39c,1.90698214257437,7.52193103093625,68.7280022640359,1.13024599517779e-16,2.44163682147462e-14
Slc4a9,-3.1527543607835,1.36142148286057,17.6212307511858,2.69562172835847e-05,0.0006317193503677
Hbegf,-2.21780646883754,2.19296271631923,4.7378508328222,0.0295059092338273,0.129405065846903
Spink1,-7.99277458589726,0.717872451644342,20.7012179721745,5.3681845102492e-06,0.0001634586620587
Setbp1,-2.19142416151125,0.469981119546285,15.6829592642498,7.48959183526463e-05,0.0014886373652055
Ms4a7,-1.82926715095938,-1.4974576290176,6.60327992185609,0.0101791086978588,0.0622744858951283
Keg1,5.25345978540306,6.2098581843545,179.130496224973,7.50361862695924e-41,1.1995284737057e-37
Gna14,1.81016527301147,2.29360580816545,20.9647080172076,4.67822330563873e-06,0.0001457818279998
Trpm6,-4.80506503843341,-0.0456694460371696,20.9163203618726,4.79789398854875e-06,0.0001483542230192
Stambpl1,-1.83462906160437,-0.0307252526364462,17.0146174614492,3.70931530867714e-05,0.0008293808493425
Cabp4,-3.13949010294413,-1.53019861994504,24.6129005001533,7.00810058974798e-07,2.86525565288264e-05
Vldlr,-3.91996247811859,3.59837374748156,37.5440771988332,8.93703858157778e-10,7.55912691878848e-08
Pde6c,-4.45832637756995,0.299955749341368,37.3118402839134,1.00671539878381e-09,8.38195435674892e-08
Tctn3,1.89703508939768,-0.612715933037117,12.3389499527671,0.000443604473817,0.0061988296489854
Dntt,2.66211302267213,1.2917721769298,14.4334744438924,0.0001451983097357,0.00255632178352
Dclre1a,-1.52734804883013,4.20127633620499,26.8306389447492,2.2208818819877e-07,1.08571919772035e-05
Bhlhe22,-2.98463016563789,-1.45000717337686,10.6793833711167,0.0010833616796764,0.0120940082481195
Ankrd2,-6.35645696663646,-0.978120113471695,37.6189672656474,8.600410755048e-10,7.3130939537339e-08
Cnnm1,-3.1623609026814,-0.311029586011077,25.7980501183234,3.79071233259604e-07,1.69269070806928e-05
Scd2,-3.47280997383103,3.92320179449563,45.0844101865169,1.88721820892838e-11,2.17043671136181e-09
Pitx3,5.04936885587278,0.830074813068952,7.83376083097429,0.0051279295187136,0.0384138150356871
Alas2,1.62265984244339,6.21566339735296,21.113482291474,4.32871843268494e-06,0.0001381215426445
Aatk,1.54677548962252,2.86067560255878,11.8142883272981,0.0005877789509133,0.0075411190283308
Nptx1,-2.2628799733983,-0.091784431408457,7.04804556051808,0.0079351786402352,0.0524614415809765
Dach2,7.74437294616277,-0.538439254657311,12.9418253478593,0.0003213215453445,0.0048504685777887
Gm7628,-1.5276985469566,-0.387927932906338,4.64411225634409,0.0311602500147432,0.134230061098271
Zap70,3.14803815509978,3.86916909586862,76.1736110515791,2.59790314753946e-18,6.29243632069178e-16
Serpine2,4.08036236097618,3.11415872365107,45.1136116862563,1.85928569952446e-11,2.1538073327969503e-09
Marco,-1.80567331574624,1.32476703055866,5.09011030890389,0.0240626610421002,0.11250824785581
Nfasc,2.96121879143527,0.220347642925923,21.8583740943101,2.93532779226502e-06,9.98386172066991e-05
Rgs16,-1.70138909853134,6.11508222926783,4.11234207868236,0.0425713695980424,0.164800575145667
Kif26b,1.78055748005487,-0.455634866631434,8.07200258324308,0.0044954407118164,0.0349363710350501
Apcs,1.75557650441284,7.39714250034826,24.8669280306673,6.14272518961452e-07,2.57061792882664e-05
Esrrg,-1.64695270504995,2.0889897469903,16.9234576671839,3.89176684465924e-05,0.0008625355828908
Slc30a10,2.30662387178168,5.36470634717846,41.9995165971432,9.129598449509449e-11,9.29590833209287e-09
Irf6,2.91178048204693,5.15887564881707,105.522401395708,9.383113683816021e-25,4.05401230674278e-22
Mcm10,1.53512789120517,6.03712750789688,25.1789963073168,5.22481345560775e-07,2.25131719410635e-05
Mgst3,-1.53060356104407,4.2989634311269,13.507662657643,0.0002375912854509,0.0037792380987252
Fmo3,-4.62461163374214,6.98498922695574,13.4763840813104,0.0002415849171098,0.0038351305709213
Pfkfb3,2.63928163697654,3.54531525854185,17.9780574211371,2.23466080770202e-05,0.0005396267019928
Lcn2,-1.70346987236306,3.35543109490118,4.25752328346147,0.0390768547349293,0.156224829157307
Lamc3,1.60051460205934,0.678343102367763,11.0813853280314,0.0008719863222857,0.0102647815523272
Neb,1.91082398464788,3.44893379853478,12.2833024700088,0.000457028913554,0.0063475796803436
Psd4,-2.09138788768782,1.83897090349456,33.1831353859189,8.387482912799951e-09,5.7300128993171e-07
Il1rn,-3.57952368519201,2.31966290100482,45.4771019946551,1.5443375202529002e-11,1.8020277079389e-09
Lrp2,4.00684541507673,1.32779658785861,8.00492418290503,0.0046650315800464,0.0357674795389073
Elf5,1.9866993574276,-0.892453910905163,6.79145777405235,0.0091595082205052,0.0578521921821401
Chac1,2.29326389915392,1.39382827821414,9.28656269489058,0.0023084090945651,0.0216181767930397
Fabp5,2.75106715225743,3.56288680099828,13.3453242986175,0.000259067753347,0.0040523063649759
Epb41l1,-1.60552104468743,2.49270417915009,16.1626303338926,5.81296540505225e-05,0.0012115523463515
Ocstamp,1.80209546566757,-0.168793679295297,3.85004364039261,0.049744696390054,0.182430082131817
Smad9,7.19346184151274,3.48168672341959,109.906504999369,1.0272322371967001e-25,4.82980427759602e-23
Hao2,-6.89027063105959,4.9136740790111,40.4510456139086,2.0160452988822e-10,1.90701184307283e-08
Cyp2u1,2.73019044179319,4.64929743508905,33.5831547074858,6.82815120056712e-09,4.78749232860816e-07
Ptgfr,-4.10790934882511,-1.10730759673959,16.5429884835822,4.75595128329065e-05,0.0010205186203313
Efna3,2.27385535693488,-1.04838327350068,9.67250424118574,0.0018704618422373,0.0185606474301717
Cth,-1.55280340864131,8.65658957035004,33.0773424003875,8.8564782376601e-09,5.97382536317444e-07
Atp6v0d2,-3.4887337905093,2.74623078736544,33.6212156369489,6.695841753038161e-09,4.71540644335102e-07
Gbp2,-1.96031232300256,2.10540688457444,22.2004080111649,2.45621594054821e-06,8.5358843533921e-05
Fmn2,2.60685551554041,1.10032062515205,18.2959816843951,1.89105637510608e-05,0.0004701466129462
Orm3,-1.74843222514197,3.6080943088454,5.40187995808894,0.0201150732930646,0.0999252833010969
Unc13b,2.67401302960667,2.08423361764654,19.8477847517932,8.38598581991595e-06,0.000238538023696
Npr2,2.17591293049991,5.97770475250458,65.8226133052526,4.93388800356208e-16,9.737423904314011e-14
Dab1,2.8835326536773,-0.15063377267951,15.2390181832785,9.47259489966686e-05,0.0018178739743826
Slc6a9,3.10433128154571,4.00871978058816,61.5661994087256,4.28104964851304e-15,7.6040955201255e-13
Cdkn2c,-1.78310749018012,1.64186319718764,26.9021565629753,2.14019940944077e-07,1.04948551408957e-05
Ccdc30,3.0437446614872,0.331336386945385,6.64672614442301,0.0099338188247627,0.0612898601824225
Mycl,-1.70086244247404,3.68022325171506,26.3705367522943,2.81806532370119e-07,1.32110241245417e-05
Cyp4a31,-2.08127873453527,6.22895610647876,15.9587548278005,6.47376766761267e-05,0.0013200210450823
Cyp4a14,-2.21119974593397,10.6273762730769,5.56604444820084,0.0183120832158052,0.0935317456495814
Smpdl3b,-2.98234827704265,-0.411237079057849,33.5573921653008,6.919191206452471e-09,4.80913872288475e-07
Errfi1,1.68180798745728,9.54498652408905,23.9195431755192,1.00446868673616e-06,3.91644790882054e-05
Hycc1,-2.10608525218431,3.18172230995206,42.491399274283,7.09937164679493e-11,7.417683342853841e-09
Prom1,-1.6459465969073,1.22238140124811,7.16592678170721,0.0074301293040546,0.0501384749069721
Slc30a3,3.91159612541981,0.542702193477323,11.9151973280927,0.0005567783974089,0.007283682046628
Sult1e1,-9.12168046062412,3.351412741875,46.3617495549362,9.83161744376632e-12,1.1817160635793101e-09
Gpat3,-1.86288657103312,4.34788299676983,37.0348740653038,1.16035225808761e-09,9.61108352217023e-08
Cxcl9,-1.61591286382381,2.40990236235058,8.76816612895908,0.0030653349719904,0.0265452030673017
Tmem116,-3.12219976961751,-0.995753658293998,16.9521114201412,3.83346607526141e-05,0.0008546971921775
Mapkapk5,1.53302680709284,-0.79254877477893,5.65796329267184,0.0173762898349152,0.0904517646697995
C8b,3.98916470824597,7.3442983609693,216.745184643046,4.63837000852239e-49,1.48297965912478e-45
Igf2bp3,-3.34547325692904,-1.79262573308699,11.2262395507063,0.000806488903014,0.0096796102867578
Osbpl3,-1.67905662631022,2.98162534958278,5.56804878696815,0.0182911324464126,0.0935317456495814
Nat8,2.74313320767841,3.7690363707075,38.6000050391868,5.20187891351825e-10,4.59432244814932e-08
Usp18,-1.78262061412043,2.55772305408814,20.3918668515223,6.30973894604875e-06,0.0001871381944184
Tuba8,-4.64179666664748,0.952813583518583,31.8808725386378,1.63923425668862e-08,1.03168499320568e-06
Erp27,1.69697876821838,0.0604478742273256,7.13388384456205,0.0075640711387418,0.0507211582315127
Slco1a4,-1.81328598287351,6.52133832083357,18.1474985140216,2.04437798419564e-05,0.0005012488720145
Ldhb,-1.53961898181378,2.24795391974735,7.43966007329217,0.0063801939916278,0.0448127333700187
Bhlhe41,2.25510582464544,1.70088491527136,7.44644276060602,0.006356194693076,0.0447424607501159
Srgap3,3.44726959842811,3.1026441394747,36.7731623578966,1.32704547804566e-09,1.08790507754041e-07
Clec2h,6.2330368247051,0.727343073187624,12.7447284072667,0.0003570139800463,0.005231187428983
Sult2a8,1.86113803783971,8.56101458122832,62.1600861572305,3.1664109544773804e-15,5.68744331666015e-13
Csrp3,3.02290463813503,4.04201974290294,60.1595624121381,8.74709069669821e-15,1.50355905244535e-12
Cyp2b10,-2.90571376370199,5.15996957138882,22.1350870431844,2.54122355769737e-06,8.71759652217815e-05
Hddc3,-1.95585264349331,1.88133525246353,10.1187901858207,0.0014676530552481,0.015312324919251
Synm,-1.86561713403681,0.892289448882892,8.37776604916751,0.003798390182785,0.0310434895000013
Rab38,2.75155464223598,-0.901527846322845,9.95417125336071,0.0016048535537513,0.0163721690556918
Pik3c2a,1.56225352130575,3.75969043734954,12.8357002249876,0.0003400681730043,0.0050609191761124
Crym,-2.25399281424364,3.15143687451484,18.8217464939769,1.43521359334215e-05,0.0003718529092895
Acsm2,9.03476624315871,2.3187871917808,36.9341602310854,1.22186312258695e-09,1.00684040606572e-07
Pdilt,2.67267008807939,3.16923124632698,65.6486618625627,5.389155313575001e-16,1.04494512702137e-13
Serpina7,-1.56473701629554,5.46716550008316,9.53632828928706,0.0020144433076256,0.0196119919096852
Col4a5,-2.50967253844379,0.709546263220125,20.3279469518958,6.52406801595706e-06,0.0001924238953931
Mcf2l,-1.94111628369922,-0.967565891906265,6.99555572428926,0.0081712336232271,0.053491130508153
Adrb3,1.55348237358751,3.35932474052638,10.0905831677807,0.0014902893531783,0.0154716503546249
Dkk4,5.8801429844206,-1.5844769363315,12.6873635098248,0.0003681349700814,0.0053646359450524
Fgl1,2.0637667668629,7.84409788340962,10.6242742073677,0.0011161276661356,0.0123818498320456
Lrp2bp,2.28746410426545,-0.0922615050831305,13.3496368142314,0.0002584726770942,0.0040509257019892
F11,2.15002023353478,5.75467815231383,73.9316297645576,8.08700579581531e-18,1.9011599213515202e-15
Ucp1,-8.05107825765862,0.155066195839971,5.31028935428173,0.0211998350235835,0.103260378637113
Cdyl2,1.62562679802661,0.0004544484418827,11.8897982418147,0.0005644223506307,0.0073440767270243
Mt2,-6.16379323318096,2.81053230352698,25.8846977162777,3.62430881977733e-07,1.6320619941679e-05
Mt1,-5.29120030766637,8.02044864240767,30.2088245176461,3.87940330503048e-08,2.28000519243446e-06
Nudt7,2.26801134510012,8.01312967039509,59.1610254053656,1.45283048585482e-14,2.41926543196617e-12
Arl2bp,1.56423838186893,1.93803310226109,12.3815094215937,0.0004336064791431,0.0061125513012189
Hsd17b2,1.70971138156744,6.33351062636324,62.9068261473962,2.16719832092501e-15,3.93691276798945e-13
Acta1,-6.2415417383731,4.25911382407819,8.3922574699865,0.0037682262305627,0.0308917253957822
Agt,-1.55992576881563,9.51715267679551,56.6910850795264,5.09942112070447e-14,8.07122237976055e-12
Treh,2.04955940149533,0.0829738951074215,12.7177162320181,0.0003622078210816,0.0052879034043943
Lysmd2,-1.63540633534844,-1.21423430925428,4.13636089248818,0.0419713069745427,0.163050622914955
Parp16,-1.55338369096653,4.8873910113397,39.3363560012206,3.56736888508564e-10,3.24022494301017e-08
Tgfbr2,-1.50496029848919,4.23196271862245,28.621232740449,8.80118113097602e-08,4.68985605199275e-06
Cspg5,5.67955009375039,1.32823424975708,50.2828002664477,1.33111118012196e-12,1.81873019875468e-10
Nradd,-1.84182501036836,-0.589088749966567,19.007734032686,1.30189694282403e-05,0.0003434343981515
Slco2a1,1.64010675651192,6.42645274985031,51.5060762467039,7.13758474744482e-13,9.921863458491559e-11
Cish,5.05373200503469,2.8021503074575,19.2074512722551,1.172548142674e-05,0.0003150311698955
Ablim3,2.2183124135512,4.28441038210834,46.8994187443924,7.47248704956355e-12,9.118715875902511e-10
Chrm1,-2.82127222565382,-0.287618798060864,16.3569992123159,5.24620573863978e-05,0.001107871135243
Cyp2c38,-1.8959035232985,6.66430296942563,18.8297116530728,1.42923259322141e-05,0.0003709044194032
Abcc4,-2.98954230639804,2.32792618271869,55.9455376670107,7.45066527327382e-14,1.1504130487723798e-11
Tmprss7,-6.90668436606543,-2.27108823803267,18.1663279423213,2.02426370961375e-05,0.0004978443024905
BC016579,-3.67883708058471,-2.7645269279397,6.76992050484203,0.0092706964208852,0.0582781568951124
Adamts15,1.58285494283715,0.0048258171900856,8.31361839677879,0.0039348923318354,0.0317853404834372
Dnah8,1.58613108652027,-0.11779433282876,7.36509406887829,0.0066502121088277,0.0463023914510979
Kcnk10,4.69037061553909,1.47445168335915,51.3856816710893,7.58900309914376e-13,1.0458431339906201e-10
Ston1,1.67115292618955,2.27679823939733,15.9999032696295,6.33457201112257e-05,0.0012982624124334
Kcnk1,2.4235261105718,0.79287936972901,6.87311249863946,0.0087502122617318,0.0560195807833584
Gpc1,2.8573814352628,3.68433096373114,24.3325224056517,8.10588672203682e-07,3.27224002874951e-05
Neurl1b,-1.73500780767228,-0.514288655077419,7.33076052465132,0.0067784366694266,0.0469701294310598
Eda2r,2.06039194330826,-1.27809487924143,5.7651025565801,0.0163475308230098,0.0869077578106533
Slc41a2,1.88500777265186,4.06691711462632,14.2218448614816,0.0001624734221493,0.002777861097839
Zyg11a,1.50450861591263,1.30698312989893,10.8538389396199,0.0009859115788112,0.0112256285604539
Dsg1c,-2.47222512576368,4.21550768852503,28.3086012266521,1.03435364399407e-07,5.45715424187764e-06
Acot11,2.28475713645351,1.21867731739982,5.37564536723281,0.0204197852382918,0.100905931010613
Cxcl10,-1.57812041961791,1.04040537969965,8.19826962738721,0.0041930360842726,0.0333481964393946
Cdhr2,-2.86512396502175,-1.6120638156891,8.42223687721869,0.0037065949945803,0.0306695794944935
C8a,6.01206667809766,8.46760519030218,328.898323484047,1.67007190807691e-73,1.33488847612588e-69
Wnk4,1.89808358170168,1.68749959329532,16.8659111836798,4.01156127221529e-05,0.0008845354275535
Slc24a5,1.75087730361197,-0.658722340918067,12.7612277237092,0.0003538785460854,0.0052002725796704
Ubd,-2.3783923068231,-1.37935343685713,7.08287874171939,0.0077823887291363,0.0517509426888408
Scai,2.07622490546801,0.870263547806916,29.0251633059122,7.14442154581233e-08,3.87154992648664e-06
Tmem98,-1.56524706867119,4.31475231091574,26.565604543269,2.54738801821023e-07,1.2192378700332e-05
Aldh1b1,-1.74022655973096,6.34935767190826,32.0009995634726,1.54093270120292e-08,9.81408372965332e-07
Krt20,-6.6300450746681,-2.27558710355439,24.620747250092,6.97962263560503e-07,2.86092942186621e-05
Ugt2b1,1.89569867199175,8.61910711867408,77.1554609274804,1.58017115637025e-18,4.07429292027981e-16
Cd276,4.01594307616533,0.827277262865066,38.7110419518418,4.91421183564483e-10,4.36436613358991e-08
Ripor2,3.58863047559485,0.810998076129504,46.6703138869813,8.399178019657159e-12,1.01719136228969e-09
Adamtsl2,2.43306661440907,2.38418826901339,36.3746062394692,1.6281069562111701e-09,1.28846127732632e-07
Arhgap26,1.5148917598506,4.16524947497851,38.3875458229138,5.80013684367469e-10,5.03918410777084e-08
Abcc12,3.56460917665866,-1.13321004703526,9.5436315219024,0.002006443649008,0.0195579318128313
Zfp157,1.71512148388795,2.27226545518019,32.2632194783139,1.3463794621816e-08,8.71385509410326e-07
Pax1,6.28192670258639,-2.91164526397376,6.45815278741716,0.011044439963165,0.0658301332032645
Il22ra1,1.56087652207141,1.80027157087674,9.20527560338564,0.0024131866297834,0.0223204785980522
Ppp1r14a,1.85928047373822,1.95034100098309,16.0213967653306,6.26306534391332e-05,0.0012852549754531
Mycn,3.13803893316103,0.254117306122683,18.2620792438351,1.92501336875419e-05,0.0004756300419305
Aldh3b3,-5.81333078317783,0.246893548468683,15.2283071741599,9.52647036832638e-05,0.0018216525754553
Htra4,4.19064887811078,-0.253880969276952,15.8996969391415,6.67894110862554e-05,0.0013532262682191
Vnn1,-3.50604859951211,5.77058482959851,18.9404383607948,1.34863483421223e-05,0.0003540111077129
Osbpl5,-1.5124862600136,2.53653452741187,12.0767860971793,0.0005105352986558,0.0068641020053089
Cdkn1c,-2.07548448518214,1.06082512317213,29.7561129849962,4.89958897926585e-08,2.80734155636358e-06
Ifi206,-2.68573551535655,-1.81062272035674,6.06717054666299,0.0137717401783424,0.0772744957848302
Dlec1,-1.65059119577313,3.52846137197407,27.5356071942341,1.54228797304299e-07,7.8519157761354e-06
Hsd3b5,10.9782554275919,6.39418023125012,98.5829863053983,3.1168559007146604e-23,1.08317518323532e-20
Crygn,2.99587731882574,0.338603874844916,23.9820671128267,9.72371695435996e-07,3.82865367567484e-05
Gstp2,2.06146868759093,6.01384326819781,25.367514544497,4.7383061156845e-07,2.06957818484515e-05
Enpp6,2.60412451167212,-0.717072833920777,8.74679767046395,0.0031014620819754,0.0267710436514357
Arl5c,-1.52497784440813,-1.00273979757379,6.89845836035167,0.0086270110411332,0.0554135342367751
Pcp4l1,-3.7679987516499,5.35429042746075,49.4192434632298,2.0670801086538397e-12,2.80036801838477e-10
Susd4,5.23155685474556,4.8017796436599,67.6733434461166,1.92954683379526e-16,4.0586494322435504e-14
Capn8,6.35725231059702,1.25448856872118,37.3475651741343,9.88442062554732e-10,8.31643937473682e-08
Elovl3,4.32686158514247,6.664962969648,30.2226390768525,3.85186934550767e-08,2.27217650764892e-06
Rap1gap2,-3.00223660103002,-0.374583031778782,25.119985904451,5.38716204527145e-07,2.29651126548558e-05
Shfl,1.94913957158054,5.40013508702847,54.3543438540497,1.67407528024868e-13,2.5010997598182697e-11
Tspyl5,-6.04408511970462,-1.03049630948761,64.6051320108038,9.151668726238149e-16,1.68159283054762e-13
Whrn,2.44866388152262,0.628645703869847,20.5616667621338,5.77408104911543e-06,0.0001735046234044
Igfbp2,-1.77617867445853,9.77551338243128,29.5371393225807,5.48554295438573e-08,3.08774259397219e-06
Tspyl4,2.44907461303696,1.94776192183896,21.1018237515326,4.35513438781569e-06,0.0001384118853352
Cyp7b1,4.05333235252483,7.41244058807688,92.0407945567586,8.49079917311942e-22,2.5610172751223996e-19
Mmd2,-2.27762349896313,2.67344496576132,15.1299512051196,0.0001003583810578,0.0019053789543834
Rsph4a,4.88203203258776,-0.521819775574264,8.78610133702972,0.0030353425458983,0.0263512583320599
Rcan2,-2.85473650030971,3.38331353030575,53.0749986178403,3.21052925167326e-13,4.6657746015680696e-11
Kyat1,2.4378914292208,6.34762058411872,118.108126714619,1.64188975685736e-27,9.37401773325779e-25
Sdk1,-2.2270003463701,-1.25223718583924,9.98631849492222,0.0015770759067199,0.0161506312907269
Slc39a5,-3.36758078079494,0.618029967349925,48.2431003882482,3.76520710996529e-12,4.77703181427818e-10
Zc3h12d,-1.91694092292684,0.600511759148476,8.1812358192492,0.0042325914957282,0.0335459631386772
Saa3,-1.69448189444999,1.68878963832361,8.84987256073732,0.0029310935611847,0.0257029411240262
Sdr9c7,2.89424764487255,6.28050271320316,53.7381885729054,2.2906719187946e-13,3.39061863831949e-11
Gbp2b,-1.72168814507476,1.66360635634866,9.56203770434591,0.0019864248562682,0.0194395330513208
Elapor1,-1.64061845483228,0.643643274689048,13.2677865941489,0.0002700058089298,0.0042069326135995
Cyp2b13,-8.84412923025907,7.26814162284919,52.0701548926873,5.35527217351899e-13,7.576051412909259e-11
Abcb1a,-1.92575870497444,3.30215019254201,21.0254290755553,4.53227874157815e-06,0.000142341862028
Cyp2b9,-4.78170193041268,7.99381463997744,29.0503357988689,7.05218762052416e-08,3.84129287120918e-06
Mthfd1l,-1.9753416364317,0.489395316441326,11.0724345990875,0.0008762056101687,0.0102903340195309
Limd2,-1.75987879286877,4.37366831008005,35.9377496236056,2.03723209042001e-09,1.55823886112221e-07
Zfhx2,1.52447315766796,3.54607095758886,25.3314546245131,4.82771609507158e-07,2.09994231059722e-05
S100g,-2.69243482745279,-1.14355812294254,5.67623088407365,0.0171962706815697,0.0898071163396186
Dlk1,-4.40405026507408,-0.802356749817743,5.44826360458534,0.0195877861848066,0.0981038159436903
Grid1,3.69970714374241,0.553689054556795,18.6042079198932,1.60865081305166e-05,0.0004114542703591
Tox,-1.85700826526294,2.19153680804869,27.9853529903616,1.22237184388374e-07,6.34442736893682e-06
Adgrf1,3.15335488327038,1.52298076768894,25.4869678963977,4.45381190334638e-07,1.966813179196e-05
Ak7,3.0025200795143,-1.35783046938344,9.41994883524033,0.0021463750998437,0.0205363321198904
Inhba,2.42414145888944,2.87593520199437,32.1678911263185,1.41408499678297e-08,9.07853926047089e-07
Rpl21,-3.58159978619147,4.26504569930304,12.5698286291072,0.0003920245257864,0.0056714063974865
Cacna2d4,-7.61725359923103,-2.93601197899498,19.2468182412912,1.14861645685749e-05,0.0003110072099257
Gpr12,1.6188800334929,1.07675211961457,5.31161948358975,0.0211836557672948,0.10321302075464
Serpina3a,3.44176991885538,-1.54774664108256,6.75363809478019,0.0093556727902726,0.0586279048315556
Serpina5,5.5524371862852,-0.848168713021839,16.683422439036,4.41652562276486e-05,0.0009579369355023
Serpina12,2.87803562211401,4.9850591237652,14.8537953368213,0.0001161740672008,0.0021346651014623
Slco1a1,8.72434396036029,7.30521239473761,111.811673255055,3.92915548527702e-26,1.9628587371136998e-23
Lad1,4.64462649248769,1.75776418012819,33.0789195374625,8.84929725030492e-09,5.97382536317444e-07
Fam222a,2.7771940721233,1.75734314285389,22.8840742785923,1.72071648362945e-06,6.19958508146129e-05
Csdc2,-1.55708613880786,-1.23401099621198,5.91574241361513,0.0150061779770175,0.0818174492294003
Pnliprp1,-4.32933913403845,-1.82373939196294,4.01329299632121,0.0451428992778445,0.171495814604473
Tmc7,1.69509108333811,1.37982162253347,9.25149891331009,0.0023530275103621,0.0219588428375071
Cyp2c37,-3.51803838980319,9.15396968037131,98.0504149871883,4.07865140535131e-23,1.38726215672225e-20
Adora1,-1.87475032781132,4.97099241204981,28.9203231823711,7.54174559782722e-08,4.07305220023196e-06
Mybph,-3.14221681696264,-1.118412260208,9.37288804391444,0.0022021828185944,0.0209050442625006
Gucy2c,-2.41427194079423,1.89852604792456,10.3705212354574,0.0012804339221995,0.0137745738090723
Jph1,2.76060811462997,0.411215539474097,19.3043572344941,1.11451723511829e-05,0.000303520826586
Nrep,3.16351677811881,3.73950697243351,33.2057700154701,8.29041641835012e-09,5.68800844908777e-07
Onecut1,4.3426202698977,3.61979960152516,22.9296518379355,1.68039593052029e-06,6.09133998759576e-05
Epop,-1.53388527835995,2.35702539774889,11.1456967540924,0.0008422683115871,0.0100033441523265
Sptssb,5.18920531688083,-2.90598495965309,4.69422351438847,0.0302641706170889,0.131682915483066
Rbm20,-1.7962330850372,0.62725405594661,10.4408704340439,0.0012325717033795,0.0133676331412658
Dpy19l3,3.93672148066412,3.82204356405986,129.901008471571,4.3073182978315e-30,3.12985410496065e-27
Fam25a,2.72690151856628,3.85753811110149,20.5832392555172,5.70937896272491e-06,0.0001718834879437
Col6a6,3.05274626212504,-0.063627533130034,16.112297678784,5.96951411431598e-05,0.0012379215399817
Dmrta1,3.318968730105,0.683962014836745,28.5838041424393,8.97295627782255e-08,4.76550428761699e-06
Ncmap,2.69786911348117,0.965381240850008,13.2898926954483,0.0002668407532989,0.0041616744216944
Fmn1,1.8730236027079,2.31993942697463,9.88241947432701,0.0016686538131415,0.0169043725328774
Tafa2,-4.19737881314255,-0.370642196394884,5.51149352476811,0.0188919080101741,0.0955115836775846
Slc15a5,4.36170629118105,1.39317400872028,47.395976879932,5.80016049543341e-12,7.18770276589136e-10
Lingo4,-1.51459268912797,0.729119390526651,12.139703310125,0.0004935962798632,0.0067254158229006
Zbtb7c,4.376532372231,0.575100365640022,25.6688813972995,4.05310329955074e-07,1.79980303740606e-05
Serpinb1a,-2.95559486274571,4.43056897980211,21.0090564195538,4.57117487167507e-06,0.0001430035254375
Defb1,-2.96817911545905,-0.148436824972405,8.10578610082047,0.0044124181865204,0.0345092549558295
Poln,5.45633128270415,-1.14370781872062,11.9991646251139,0.0005322440292185,0.0070551020324109
Adrb2,-2.79075498077607,0.104134792944503,37.335126595511,9.947664190794601e-10,8.32583035361479e-08
Slc16a5,-1.65907985235196,4.83286331398434,10.5776012884181,0.0011446608660954,0.0126196886933809
Igfals,4.9467735036891,7.23511688320704,233.99091858857,8.0356603927876405e-53,3.2114516759775797e-49
Chrm3,3.09972528761225,0.346672566392687,26.011189701196,3.39444241810122e-07,1.54597027053464e-05
E2f8,2.42434097873642,2.60330505162794,13.4224825250018,0.0002486264523933,0.0039206523967501
1700067K01Rik,-2.30280527529974,-0.792013767144866,16.9090669693887,3.92138248185831e-05,0.0008670431584368
Ar,1.62210285984067,4.15310571568907,18.0994809857855,2.09658571707008e-05,0.0005093619950316
Hrk,-4.16314576679032,-1.69639783090249,24.8137307908456,6.31460520705277e-07,2.63564696710041e-05
Ltb4r1,1.51398688675911,-0.240224446471955,6.8929982808466,0.0086534005169862,0.0555332238717554
Zfp445,1.79189016025769,6.09026043093696,34.4774143260854,4.3122616692408305e-09,3.1621933506644e-07
Rnase2a,6.41624599238336,-1.23383413503545,10.4610730921132,0.0012191643576354,0.0132401911828536
Fam180a,1.58040733807083,-0.598199543551599,9.61413389872155,0.0019308550387073,0.0189445037463473
Flacc1,-2.51235624845692,-1.65691708471878,16.663064742855,4.46417770947876e-05,0.0009656880225132
Bex4,-2.25567446798201,-1.50596856635856,7.24892242373431,0.0070943572542434,0.0485905720078558
Sstr2,2.34287805875858,-0.570980237002258,10.5526806473758,0.001160197031377,0.0127295193847583
Tmem229a,1.77681422854758,0.143661633358283,5.66785962475065,0.0172785257179262,0.0901189638422187
Omd,1.83032452564337,0.189612262646131,10.6383939294533,0.001107638235448,0.0123048678470269
F2r,1.53170578371191,3.91078488853899,24.6916097776313,6.7276418902089e-07,2.78621977349429e-05
Dact2,1.5334043388673,3.83954826632552,24.6950686322833,6.71557870355492e-07,2.78621977349429e-05
Rapgef4,1.78328501340455,6.26166265732137,38.413891936358,5.72236003830818e-10,4.99877855586856e-08
Bmyc,2.16699605998279,1.04524758599846,12.7117451522752,0.000363366173886,0.0052999741384515
Myef2l,1.54568691178846,0.622566139308928,23.0522543545262,1.57657540317031e-06,5.76730764189487e-05
Pls1,-2.8247771606112,-0.268780333122857,12.2135225771825,0.0004744436754503,0.0065149145434297
Cyp2g1,6.82680267306892,2.62859402935436,89.6380021433545,2.8597783522222003e-21,8.31207577065893e-19
Gal3st1,-2.28719869838611,0.532980775388526,13.6962238007237,0.0002148861321731,0.0035052752131828
Mmp12,-2.95305815409656,-0.178894014964976,14.8605148328067,0.0001157609351054,0.0021319047276328
Lrrc19,-4.1164710519249,-2.03727726206716,10.1514096624793,0.0014419094150989,0.0151348417004409
Lrrc4,-2.81411584998471,-2.42836808954003,9.49448303152782,0.002060906433309,0.0199549668339667
Shisa3,3.87485788622085,-1.76833628118651,14.2790416407975,0.0001576100207514,0.0027209004230373
Ces2b,3.58827092629798,-1.31710859285783,10.5980679018718,0.0011320589752741,0.0125239410233442
Vwa3b,-1.705255023471,-0.69846118444831,6.34623524152065,0.011763067035104,0.0689818010356465
Septin6,-2.15277320728588,0.0279794256413498,21.3958002729223,3.73588617416688e-06,0.000121139708682
Ppp1r3g,-3.06918855465485,3.1128250664464,13.3768218994202,0.0002547530400205,0.0040004735734469
Gm9847,3.65525591400988,-1.73950148693322,8.37438422406602,0.0038054647420208,0.0310695400234657
Olfml1,2.11732288119351,3.5412452513681,72.4312299911102,1.7295515853055302e-17,4.00704516560785e-15
Vtcn1,4.18047722746007,0.753346378218681,20.0901203270122,7.38773220747226e-06,0.0002147277946702
Fam83a,3.66072086177202,-0.597569616763614,19.2384206851178,1.15367994173627e-05,0.0003110072099257
Zfp579,-1.67205127453137,2.56848150638509,30.7042227589743,3.00510347057717e-08,1.78585814426195e-06
Tceal8,-2.39404877058245,3.02530815373323,31.9472171397152,1.58419162859522e-08,1.0049558482033e-06
Wfdc21,8.73342090526191,7.81954210290453,154.906402253597,1.46773549877358e-35,1.6759442630996002e-32
Pard3b,2.27796586874546,2.011406975615,39.4317164116657,3.39733848641969e-10,3.12125592206352e-08
Gpr17,1.50712159487587,2.07529735107709,13.7088046925213,0.000213451439002,0.0034889925397622
Fpr2,-1.7168746610438,-0.774227708633174,7.2594957044941,0.0070527092699546,0.0484246917940535
Cx3cr1,1.99685059989713,-0.332325587883764,12.4209876559728,0.0004245356601269,0.0060111842894498
Actn2,-5.46238420417898,0.0738074275191148,3.89610088961078,0.0483983098031003,0.179220611654473
Ccdc171,3.56919117020022,0.852482733548483,11.5637995100531,0.0006724829429372,0.0084097466800254
Pkdrej,2.36052579797329,0.404634416183513,10.3515151747345,0.0012936845494911,0.0138890807308034
Kcnt2,2.83887530310239,-0.575351136151994,12.2749344689745,0.0004590827784588,0.0063705705698285
Slc22a26,-4.58056736534419,5.8924353438213,38.5847067507206,5.24281249806086e-10,4.60503299967038e-08
Slamf8,-2.66017347817206,-1.5786262218791,11.8216519108756,0.0005854589480035,0.0075215853803243
Hhipl2,-1.84180633571424,0.130149164792127,9.16533431887393,0.0024664257314736,0.0226209304322074
Gvin-ps6,-3.62403303568151,-1.26287755388537,10.5303516354514,0.0011742986716311,0.0128344659078553
3110082I17Rik,1.77776938388016,1.55350089294841,21.81522003292,3.002092397824e-06,0.0001016767988805
Slc51b,-1.53888825509387,-0.77580602127372,5.35790804426574,0.0206285045933501,0.101529701767841
Pkp3,1.62591515603991,0.914283107355466,12.8523730673706,0.0003370515343042,0.0050215338559064
Iigp1,1.68181021360271,7.48178406710777,48.3489257556171,3.5673958323357995e-12,4.5622711820576003e-10
Skida1,-1.56663317408688,0.0671998418972874,11.298464682736,0.00077571209906,0.0093872321086858
Lifr,2.08537910924757,7.60952542406403,65.505137350039,5.79626738378619e-16,1.10308488568102e-13
Cadm4,2.73517573083761,3.13779118616492,28.24261246834,1.07022313453565e-07,5.60937279629079e-06
Cyp2c50,-1.52269456922663,9.14512613843383,34.1504301512823,5.101196395025361e-09,3.68994233352377e-07
Kbtbd13,-2.15326618760235,-1.41043370193804,5.40855829627341,0.0200382587064282,0.0996675804856758
Lrtm2,-7.7888686711871,-0.559926473235917,65.059285004818,7.26782991819216e-16,1.3668650479084699e-13
Smyd1,2.24830095378304,2.14855811187871,33.8396470521106,5.9846719556210306e-09,4.26870314618525e-07
Spink6,5.89466649189794,-2.34100671438622,9.38643353666076,0.0021859705092742,0.0208129389882419
Spink5,4.41360695775232,-0.679467973877066,13.2275966114743,0.0002758573011873,0.0042897420396707
Kbtbd11,-4.32378682069171,0.108769394274072,43.9789538773449,3.31925766577823e-11,3.68483701702297e-09
Ghr,2.83465315154188,8.38718073361693,205.807137147213,1.12894473895368e-46,2.57818722813051e-43
Myh8,-7.64495511402623,2.86932308574749,5.88162574514736,0.0152996884784648,0.0828245242183333
Abcd2,-2.7966679594586,5.46744120749405,26.0991576240971,3.2432548112294e-07,1.49845871133853e-05
Med12l,1.81107566433456,0.253122994787436,4.83575629315989,0.0278754116913674,0.124572986042674
Mpz,-1.51115888294403,-0.77151376071524,6.60573406098533,0.0101650890014257,0.0622329034102063
Prelid2,1.7279519112094,1.30948754472437,11.2261374494426,0.0008065332729864,0.0096796102867578
St8sia3,-2.3545901730513,-1.0888805363459,8.76540628142703,0.0030699768268329,0.0265710067968339
Gjc3,2.26940592476673,1.17250633963062,23.2038371273117,1.45706309447229e-06,5.39180801579492e-05
Hamp2,-8.27446573701317,8.01564915113789,15.6144256936323,7.76598558925125e-05,0.0015364733370021
Ero1b,1.52659244893282,5.59838838749745,31.4484612286789,2.04804854357802e-08,1.26899627975342e-06
Scimp,-1.50279176126603,-0.663816162706477,8.22181512867228,0.0041389780203429,0.0330207999283182
Ugt2b37,3.31027140679945,1.86333725872807,16.0790363360259,6.07528627033688e-05,0.0012547742418295
Saa2,-2.96795105803146,5.02272982326838,8.06503398097792,0.0045127628959424,0.0350283187519984
Gnai1,2.51812817802975,0.580925356351745,15.6943752585737,7.44452255259864e-05,0.0014857445384
Prtn3,3.07442201237744,-0.705912324374984,4.84329307627092,0.0277538474925959,0.124243350886765
Gsta2,-1.75073600468916,5.13179277356781,19.7369031665956,8.88686117017096e-06,0.0002505561951787
Serpina3k,4.99313857378584,12.3365371794003,171.138109216349,4.17442650249714e-39,5.5610318390766e-36
Gstp3,-2.12813819623069,4.36084821177555,40.8641012004803,1.63191473576662e-10,1.59392182143837e-08
Serpina9,7.81490435246158,0.213735838478013,44.3898661995173,2.69076345661217e-11,3.0506769232200102e-09
Mup5,11.8556697564728,4.90265261172913,89.4176609388222,3.19670064453285e-21,9.125438661339681e-19
Col25a1,2.19298300997466,-0.957179461905316,7.44179182154301,0.0063726412392968,0.0447793594951209
Igf1os,5.06060473020706,-0.111234658014952,31.6346723233676,1.86077472832807e-08,1.16196659402549e-06
9630013D21Rik,-1.53367978947779,2.54020671966116,23.1078090434461,1.53167371892123e-06,5.62881288981028e-05
Rad51b,-2.85564717083372,2.19703031078109,20.7591948998914,5.20809123210212e-06,0.0001598014326993
Hopx,1.62149869492795,4.43229969814168,19.0276510891656,1.2883787437141e-05,0.0003404301255704
Atp8b4,1.80091760705937,0.30088124202231,12.8607741559282,0.0003355417535148,0.0050177459978381
Ces4a,7.11413798568912,-0.111396036442141,37.7586385649774,8.00613964517514e-10,6.84417905709999e-08
Gstp1,2.01672482096766,9.67259782712952,36.3991012494202,1.60777339695648e-09,1.27869977730081e-07
Serpina6,-2.2865002638448,8.96305747810088,33.5736900632846,6.8614572305213304e-09,4.78983647541982e-07
Irx1,8.80471553761408,1.43781873942536,68.5815136578679,1.21739998753961e-16,2.59484749344109e-14
Blnk,1.70801680590313,0.338120056997744,5.34551624797709,0.0207756306037386,0.102002220771304
Nuggc,5.54059773043604,0.88233662983088,24.2875602559374,8.29731929056457e-07,3.32113670619069e-05
Obscn,-5.27493669987854,0.133535884791323,5.80477713178976,0.0159826933637218,0.0853656318451242
Orm2,-2.59792694963863,4.41118238242554,17.0227882820187,3.6933877769515e-05,0.000828533859084
Ksr2,-2.4428835670434,-1.057833630982,9.91169582905435,0.0016423171933812,0.0166798492080005
Rpl21-ps8,-1.96285512554549,0.65067448974853,8.80284730241882,0.0030076079983889,0.0262157150830133
Tnnt3,-7.40537600443397,2.50443839030844,5.3315027755634,0.0209433195832443,0.102385292617047
Myl1,-6.03982984553449,-0.513776623784984,4.10005873700605,0.0428817237604935,0.16561552592946
Ugt2b38,1.76493504962631,5.83709097452066,74.8621233186307,5.047615395746939e-18,1.2043459659165801e-15
Zfp13,-1.96594493472526,0.0995592962771114,19.0027869775942,1.30527665829882e-05,0.0003437586929088
Obp2a,12.5769948919598,5.23179783569363,39.4117946974416,3.43217584583962e-10,3.13524360409098e-08
Ces3b,5.26448838714821,8.2909379835288,213.250684046375,2.68339106511638e-48,7.14944826115842e-45
Cyp2c67,2.57292738857764,7.7630288295262,95.0110337310417,1.89327052897143e-22,6.05316453522745e-20
Serpina11,2.16758185266635,6.08063099948999,17.1841919164005,3.39247671439093e-05,0.0007692501100177
Zfp993,3.17236384037583,-1.06303040289542,21.3505638588777,3.82508236584058e-06,0.0001237809042516
Slc39a4,-3.71601460031926,5.40736722886282,66.9701172026794,2.75654054006151e-16,5.64949449659273e-14
Plppr1,-4.62257093862563,-0.95347833508987,7.58618498326249,0.0058817288261202,0.0424110586442754
Slc22a28,2.53245921332945,4.79519204194284,104.741024323239,1.39189168648509e-24,5.70532833337195e-22
Mapk15,2.50128079364152,3.87846699393067,49.075905946881,2.46246437946388e-12,3.2804129641758e-10
Paqr9,2.38548203462669,8.67111498296622,49.007363077292,2.5500345914349297e-12,3.3689961139404e-10
Chi3l1,-8.04553880056485,-0.126515717061256,54.7186998836082,1.3907664717709998e-13,2.0974332846916298e-11
Zfp979,4.21842038398993,-0.430272840310414,19.2441729808636,1.15020906053273e-05,0.0003110072099257
Cyp4a12a,5.50934429322913,7.92483274098774,65.6354514340646,5.42540007148592e-16,1.04494512702137e-13
Cyp4a10,-2.33954168528301,10.3342138332652,12.4463018948199,0.0004188202490117,0.0059513748262652
Mup21,6.2995134157478,7.11177398230675,94.5771472247314,2.35724056654204e-22,7.388793666027661e-20
Mup3,5.32628184774623,11.582721348148,138.251545950123,6.420618172074e-32,6.03764718228088e-29
Serpina3c,5.10088847295199,6.07410548015359,9.15245482605204,0.0024838461887915,0.022754593222935
Gm16551,5.45081725098684,2.27635939500526,76.6296060091992,2.06224748693509e-18,5.15110755096007e-16
Capn6,1.56124040631788,-0.587020759654652,7.70190770513494,0.0055162493287808,0.0403677880091493
B3galt4,-2.85590008283023,-1.02553649025139,27.1155574962412,1.91649394598381e-07,9.60409787476398e-06
Slc22a27,-5.80904990238531,3.6486927953905,118.844743746491,1.13256053369581e-27,6.70559729320788e-25
Xlr4b,-4.94386040795034,-1.70032655598942,12.829613057,0.0003411763044497,0.0050641080807187
Zfp991,1.66017394928936,-0.509108133945276,11.8345948855374,0.0005814034631464,0.0074893761175332
Cyp2d9,1.68077515417322,9.76834955362464,17.4821720800666,2.90014526272876e-05,0.0006737595984361
Cenpm,-2.53986148192466,0.863082845850079,21.6821990739987,3.21763297104749e-06,0.0001078345506816
Lgals1,-1.72223146592722,3.28164759533132,13.8226596126247,0.0002008986697895,0.0033246026244878
Selenbp2,5.12300987205114,8.25749072829517,31.8844729909773,1.63619858074672e-08,1.03168499320568e-06
Ube2u,3.67640762458809,-0.697135140165945,4.91353798051568,0.0266470063056279,0.120725922546413
Zfp125,2.16271718595658,-0.208883727256408,17.3269493081252,3.14692200715924e-05,0.0007196952103926
Cacng7,2.00911975737772,-0.509046939690965,9.56150540485874,0.0019870009386874,0.0194395330513208
Ces3a,3.80487994101978,10.3208580704186,131.566137103752,1.8616749602835e-30,1.4880367957546e-27
Prok1,9.87855608927462,1.34255308203662,43.3624942834395,4.54822794982342e-11,5.01434289695705e-09
Gm20634,-1.66607740730921,-0.69435323790384,4.75900569436455,0.029145380101986,0.128316729911966
2310016G11Rik,-2.2638715501228,-1.47357207943209,13.2093464391172,0.0002785564918044,0.004323304930084
Mn1,3.16971323714226,4.30864579416996,59.3668573767077,1.30854436758527e-14,2.20193581686507e-12
Zfp992,2.91023519019719,0.804760857005906,36.0854619844386,1.88850529141671e-09,1.45843698495592e-07
Tmem200b,-2.36850459940211,1.33250692054221,34.9406135068096,3.39916115973775e-09,2.52739489765431e-07
Sult2a6,-11.665222252696,3.9756845354573,59.9809301847258,9.578091028910471e-15,1.62888684242726e-12
Sult2a2,-11.6957495186317,6.36020804363444,327.91092025312,2.74028687851545e-73,1.46020753466493e-69
Gspt2,-2.83666611356034,0.472189594266333,13.9497657625203,0.0001877610496748,0.0031567362732812
Ccnf,2.42404737488617,3.18617208692211,23.0913803083587,1.54481688801615e-06,5.66409237885922e-05
Zfp9,1.64534159687292,0.348442022605289,8.31860856477135,0.0039240967991808,0.0317302030509381
Serpina1e,2.02965658262576,11.1395121973541,5.73116209875889,0.016666450125384,0.0880468842380664
Bhlhb9,-2.3433838298046,1.19619816589511,18.8506359136935,1.41363964682678e-05,0.0003680528240093
Gm15401,2.33326651019547,0.594003447115138,8.19436737438012,0.0042020644307394,0.0334033823917456
Mup14,6.52041331209999,11.3391505858301,123.895032388912,8.88201267986208e-29,6.17338498696849e-26
Mup11,6.33196541792166,11.4655713643474,137.105981192518,1.1431797583887e-31,1.01527064542232e-28
Mup-ps12,-3.15575211158835,2.17771296577469,13.8596104840732,0.0001969867334687,0.0032666285489956
Mup-ps2,-3.09631199153401,1.81973855331105,21.0755870071793,4.41517488663764e-06,0.0001394881141063
Mup7,7.71934503691448,12.4813289079589,119.215239073888,9.396030006580239e-28,5.777112910968911e-25
Gsta5,-1.77481262340621,2.56466040548084,12.3337365023451,0.000444845095427,0.0062107368519627
Gsta1,-2.14570810329668,4.40914955618558,24.9287007102142,5.94901479303783e-07,2.50925990716366e-05
Cib3,3.14600851515401,-0.635280011407057,6.7301283446651,0.009479777862959,0.0591505577350752
Cyp2a4,-2.7903671792364,8.54001093747207,13.0854451256219,0.000297599107547,0.004548202039433
Gm6166,4.40330645618628,2.76653569499033,17.677925708676,2.61645431664764e-05,0.0006164500561019
Sult2a3,-12.9089170778166,4.04813809419021,66.9049923097634,2.84912468242032e-16,5.76533002192041e-14
Sult2a4,-8.851578367006,-1.25828106061946,35.6417200221975,2.3715373755633702e-09,1.79674864861403e-07
Zfp872,1.95294194685051,-1.12283791303665,9.85569803999938,0.0016930654594504,0.0171191299397688
Zfp1003,1.6021246443678,4.63670632102166,10.8029398636071,0.001013390351652,0.0114731290095675
Zfp972,1.70047776893159,-1.09067405574311,5.13818173940534,0.023405149180158,0.110402689523165
Rdh16f2,-2.28334249130154,7.23083773390459,20.9648451181404,4.67788852374053e-06,0.0001457818279998
Fndc10,-1.63562246987821,-0.0582780875710983,11.8749030252137,0.0005689543229105,0.0073825517906236
Gm10804,-2.39231552316355,0.306789542256696,8.23762767239199,0.004103072650987,0.0328615828650693
Slc22a29,-5.18471309635559,1.90273939515589,65.9575422681546,4.607419299398939e-16,9.206775615023931e-14
4930594M22Rik,1.96887022513046,-0.0356868301199096,22.6715297149879,1.92194557845782e-06,6.82760489271704e-05
Urad,5.92717081147118,4.54498010591872,187.908190304841,9.09789447124908e-43,1.61598823352653e-39
Sox4,-1.65179455387147,1.34312214549378,16.6169228874865,4.57410630677893e-05,0.0009854671619968
Ighg2c,1.65838916976508,-1.14190311107075,3.99101365569157,0.0457435372345856,0.172792104497185
Gm10941,-2.15310851696915,-2.07439018814799,4.10864315391967,0.0426645783300045,0.165022005609352
1700045H11Rik,5.06702869956973,-0.820478625273204,8.37607260655651,0.0038019310812994,0.0310565509788722
Zfp982,2.23929976717555,0.533351123961611,16.8858458200453,3.96964942877067e-05,0.0008765029802255
Ccdc24,2.16787896438876,-0.763729172336219,4.7534775129978,0.0292391483643453,0.128587902545371
Cyp4a12b,6.15563905128624,5.50533515274377,80.3355946859295,3.15926490796337e-19,8.27934570798402e-17
Mup20,4.38259552241935,9.5774323921205,38.3302006997728,5.97310486701954e-10,5.16140834617159e-08
Mup19,5.76921057785522,11.5225470565613,104.610806490823,1.48643898262555e-24,5.940553394063e-22
Mup18,5.51764697975058,11.1913154166899,97.1683556099727,6.367623102745681e-23,2.12068381084359e-20
Mup16,5.65439915263297,10.4666827395071,100.848833854,9.92782417733955e-24,3.7787189833083304e-21
Mup10,6.39908061922311,11.9897222292334,154.421023303792,1.8737835779632702e-35,1.99695361848805e-32
Mup1,6.44384941328291,12.0829139680547,87.9298966316879,6.78158734872642e-21,1.9019378132761498e-18
Mup-ps4,-3.10515906238074,2.67100756319764,9.14576599535697,0.0024929425355161,0.0227971130281858
Mup9,5.40121822803008,12.4444432736986,57.732427122102,3.0031100714463e-14,4.80077176021405e-12
Mup8,5.77245182799465,10.8432835800872,108.370606523065,2.22939542754637e-25,1.01826043727875e-22
Mup2,5.71638273444041,11.4649778135915,104.952783776446,1.25081154164285e-24,5.26196665913225e-22
Sult2a1,-14.100461544544,7.08993232114583,117.716553964801,2.00024094647537e-27,1.10261557828811e-24
Sult2a5,-15.1485923319151,4.43690971629951,162.878459585331,2.65933770796637e-37,3.2701671230423297e-34
Nlrp12,2.70683155941254,4.53719290981031,20.0311618219361,7.6190391535324e-06,0.000219851913192
Gm11008,2.45164258897066,-1.57027411342025,9.80983969885148,0.0017358063536813,0.0174341840591733
Serpina3m,2.48413829859698,9.58151047186734,32.6320914555988,1.11360771843766e-08,7.32598065306357e-07
Capn3,2.08298079591007,-1.12088646059691,4.58775969393717,0.0322010773708236,0.137307661469722
Xirp1,4.08138595214729,-0.528597674480507,8.48623120018158,0.0035784432648646,0.0298876666834512
Slco1a8,3.10499433388369,-1.93718642511802,8.63277339765924,0.003301685367824,0.0281197348375256
C1s2,1.73353664217349,4.08043526471459,19.486487492563,1.01313851184392e-05,0.0002811811154572
Nat8f5,1.927949378054,1.22543988824996,15.3623059694013,8.87410464534153e-05,0.0017237112619736
Nat8f6,2.81412519885455,-0.358755301915881,10.6953829099239,0.0010740324135128,0.0119982405048332
Gm14387,1.78585133431213,-0.306088496006101,9.52085199831158,0.0020315024390766,0.0197660365131341
Gm14567,2.95695024812305,2.91138547632547,107.946792890746,2.7609140996767604e-25,1.22599924437313e-22
Mup-ps17,7.11805284247117,5.10328605257108,93.1970532569239,4.73385423497943e-22,1.45529603462272e-19
Gm14373,1.69602052942635,1.67499182970931,12.8899021340418,0.0003303597054964,0.0049541559587858
Gm15264,2.04779922711545,-1.20196902600824,6.03006984137986,0.0140641767499175,0.0784692936877616
Gm11787,1.90533215490968,-0.121876962274011,11.3865110029306,0.0007397935119763,0.0090614594570466
Gm15653,-1.54707767289625,-0.661328106504181,5.66031204921629,0.0173530353435883,0.0904190426996746
Mup-ps14,-2.65377550836516,1.51140156259006,12.1343714203985,0.0004950095033789,0.0067254158229006
Mup-ps10,-3.76107667357319,2.1139206207167,23.4726429331215,1.26702666352425e-06,4.77590726976017e-05
Prdx2-ps1,-1.58109283459943,0.416654476030598,9.621376750197,0.0019232550307918,0.0188968376903735
Sult2a-ps1,-7.9289500875629,-1.19088268858366,35.0201766210598,3.2630657260411105e-09,2.44898444584475e-07
Mup-ps19,4.76712533834888,7.36855098053236,19.7885582781896,8.64989255616652e-06,0.0002456077840193
Gm14416,1.91996881146858,-1.01730854977027,12.1233376318092,0.0004979470054894,0.0067474038050075
Cbr1b,-1.72007920725296,0.19876897982691,9.1464120397888,0.0024920624867299,0.0227971130281858
Gm7785,-1.6803010075939,-1.14501146377182,8.74236747275846,0.0031090060834746,0.0267927607819004
Gm14421,1.6735736288322,-0.802768012821895,7.19990587493206,0.007290740476339,0.0495376985945707
Cyp4a30-ps,5.01049568437885,-2.03843500362374,10.7194382389899,0.0010601585425364,0.0118764502179314
Gm12944,-7.04210136474632,-2.28606181607299,12.1685638126484,0.0004860171412817,0.0066419112573386
Mup-ps20,3.25941929620179,-2.64947459871486,5.25897967855834,0.0218338153035075,0.105257952787054
Gm11342,2.34343549036442,-0.831267982810293,7.78172917336872,0.005277725657588,0.0391688590353774
Gm1980,1.55055977595428,-2.11748499924138,3.85181337846196,0.0496922376501407,0.182392250368892
C630043F03Rik,1.55239496137049,1.59842647846954,29.5470575401697,5.45754422406341e-08,3.08283752529603e-06
Gm15611,5.61584502432038,0.943259489064896,24.6265735383905,6.95855256551924e-07,2.86092942186621e-05
Gm15962,5.44946989214905,1.8820855417756,83.370046355575,6.80452693561434e-20,1.84368080665646e-17
Rapgef4os2,2.17165531005974,1.35709783555679,21.4259360348137,3.67762641619413e-06,0.0001199806854883
BC021767,2.98999248673118,-0.536972194068655,15.9943225839355,6.35327228852849e-05,0.0013004277951909
Gm12265,2.54331152620888,1.03595651736972,23.4198032055337,1.30230964822975e-06,4.87557893128822e-05
Gm11963,2.15298701887062,0.554731725573302,29.2224432757233,6.452743090269e-08,3.55701900141518e-06
Gm15337,2.05100022014574,-0.690451403771653,13.5597051168281,0.0002310934006162,0.0036979570593114
Gm16104,2.06627111668022,0.50475922045253,10.2604630038338,0.0013591156579614,0.0144364271815098
Gm13166,5.57238729826118,-1.7574956402821,10.7228364148821,0.0010582133160971,0.0118660407357444
Gm11695,-5.46086904913445,-0.189913293180303,18.5535582992034,1.65196560277716e-05,0.000419846138728
Gm12212,2.39732065365366,-1.01139198284245,3.93606571489067,0.0472611862150514,0.176193405511617
Gm15886,1.77447639158287,1.03999885585077,4.35434763108728,0.0369145950287567,0.150501585342949
Gm2788,5.40422604886492,4.34683066738034,82.5979914824961,1.0055919971166301e-19,2.67923227765107e-17
Gm12473,2.71974814461965,2.18435848923659,29.4874664802314,5.62794765842158e-08,3.15678495675535e-06
Gm12718,5.1358489394095,0.898452461400295,32.5776312255493,1.14525285361425e-08,7.50328365486776e-07
Gm11454,4.51738263102047,-2.04466572927289,5.38147650347527,0.0203516470209113,0.100753685745133
Rapgef4os3,2.56188665758919,0.734777981323268,11.1669994848396,0.0008326518218473,0.0099334119582472
Gm13773,3.03877600586719,-0.509864733594235,26.0224697141207,3.37466769964016e-07,1.54135536704136e-05
Nbdy,-2.04063989700894,-0.950821766213419,16.2262089716132,5.62110480556633e-05,0.0011761646782955
Gm15998,2.45403554939221,0.563803758845976,16.3301244502022,5.32113055450239e-05,0.00112221099003
Gm13021,-2.83780306146179,-0.0448687174897892,21.771722610942,3.07093029709563e-06,0.0001033513510092
Adap2os,1.57910871805449,1.70099619026914,11.4836783932818,0.000702100345729,0.0087073515336114
Gm15511,3.9429797254551,-0.0403692955022941,5.01175966362413,0.0251757046784475,0.116283968503225
Gm13194,-2.00611534073357,0.0522178972099914,15.8474469839427,6.86591043086315e-05,0.0013805565353774
Gm15956,1.78251363911806,-0.923772813569062,4.42976828148785,0.0353173023771318,0.146340693572014
4930481A15Rik,-5.07113086709345,-0.346440802479189,13.234848120604,0.0002747921400163,0.004277338997372
Gm11337,1.82822088898437,-0.990611885075362,9.87639107704487,0.0016741297840885,0.0169491062244706
Hopxos,1.84069714386179,-0.99118216794054,4.84716250569289,0.0276916501036448,0.124069147577597
Gm16174,2.41477278090506,-0.0907093244191093,11.9228903005,0.0005544838535062,0.0072655564607792
A230005M16Rik,5.39537850822864,-0.530030029086759,19.3689652442024,1.07743857477171e-05,0.000294930360553
Nat8f7,2.50738617966703,1.92403992797498,5.36521486950241,0.020542257350398,0.101291957434751
1700023H06Rik,3.85542425241629,-0.398959223803748,9.39023357357277,0.002181444108772,0.0207822202162272
Mup13,6.00467243586244,10.6465060009937,130.713648107123,2.8602917563676896e-30,2.17736304844256e-27
Gm15629,1.79332192689755,-0.698471723137469,5.58540231851045,0.0181107726591739,0.092970837410283
Eif4ebp3,2.79285769257554,0.994305148419135,16.0606974121171,6.13440869672189e-05,0.0012620934031634
BC035947,-4.15412322391944,-1.95932490530713,7.88123018664939,0.0049950490518588,0.0376911739869127
Gm17041,4.26743795595583,-1.7639427463048,4.64644665925951,0.0311178983602762,0.134083752880694
1810064F22Rik,2.27902396133916,0.331981202278606,15.4541508977061,8.45310842688026e-05,0.0016560219523542
Gm17108,2.41693643830349,-0.688566334943645,10.6230091277996,0.0011168914961722,0.0123818498320456
Col6a5,2.62893621596623,-0.177330966669224,12.5096883437201,0.0004048471315777,0.0058074660729834
Gm17040,5.95279831171622,-1.87612127662539,12.0255648608008,0.0005247579314131,0.0069906502429752
Ccdc168,4.25656564576517,-1.95595762529834,5.20324372014998,0.0225447800015476,0.10764661084371
Cyp2a22,-5.0285230001365,6.76786535552764,60.4548618074327,7.528518957157181e-15,1.30816200053386e-12
Serpina4-ps1,10.786845296553,4.56845615593041,42.1153042678442,8.604713502482201e-11,8.932139613680552e-09
Gm379,5.96332567627652,-0.44194753858896,14.8511984492615,0.0001163341279296,0.0021351519736893
Vmn2r20,2.95558847856186,-0.110433183079604,27.5457130703373,1.53425050983101e-07,7.83595164541807e-06
Sult2a7,-6.43692140568094,4.60357437610291,69.2135883722258,8.8357189508714e-17,1.93490141299493e-14
Mup-ps6,2.46729440453233,-1.59829673063867,7.75194856824555,0.0053654619038232,0.0396726521713776
Gm13243,1.56834967433974,-0.466549778956652,7.01381632149703,0.008088308811549,0.0531441449492083
A630076J17Rik,7.18872174228109,-1.39132379516744,19.57594725225,9.66787057231353e-06,0.0002697217783054
Mup12,7.15152606997753,12.0681767827511,90.5601951389109,1.7943407584588e-21,5.31191321568934e-19
Gm21286,-2.93674840118098,0.347104491476177,9.3774067328345,0.0021967609849979,0.0208659661949957
E030018B13Rik,4.37564708265359,-0.714497608824158,4.45379356707748,0.0348238062272006,0.145085578928337
Hsd3b4,4.44506807530981,-1.69796440715933,13.5979066929266,0.0002264378827161,0.0036416861097592
Igkv3-2,4.88876089032001,-2.0130167110661,6.77146265833616,0.0092626891564557,0.0582507273230138
Hsd3b8,7.61491903922957,-1.62963769299178,21.5720697515027,3.40778513341483e-06,0.0001130225168937
Erdr1x,1.59541688452537,4.20594462731009,8.53466720277191,0.0034844503535985,0.029301643005064
Fam177a,-1.81738402238651,0.507406044711608,26.352032960845,2.84519276937144e-07,1.32991963775356e-05
Cphx1,1.62560792806512,0.202187642176112,9.2283688771197,0.0023829383650732,0.0221217495377819
Smim22,-2.32895003925416,0.58158252308465,19.7837877454266,8.67150895193756e-06,0.0002457850037334
Igkv1-135,4.56186752978572,-1.86402091847497,13.7153843158162,0.0002127049628551,0.0034803495764602
Mup-ps9,-1.92608041987785,-1.15237014969664,3.98511645327137,0.0459039274706127,0.173031776389493
Mup15,6.79784156915286,11.8901601162982,98.7505257641298,2.86400908343373e-23,1.01742331572826e-20
Mup17,6.38095585843044,11.6750401374813,76.2494217330126,2.5000586636337597e-18,6.1486058148999e-16
Cyp2d12,2.22666291940686,1.00335529019676,13.1125581388483,0.0002933228822195,0.0045028806238601
Snhg18,1.5509381240354,-0.635877707347633,7.65986804892705,0.0056462634072079,0.041102534985258
4930556M19Rik,2.04520694726165,2.52617770441448,48.561041177132,3.2016669155525197e-12,4.12756833161473e-10
Pvt1,1.76652305881701,-0.348699748559415,7.93923679411829,0.0048374232520669,0.0367193960624608
Gm17276,1.94853348326179,-1.45523698681539,6.20583871419628,0.0127329603051584,0.0729044066755954
A530083I20Rik,5.19610443720782,-1.46600018015197,7.79584926099866,0.0052366391174146,0.0389962463651954
Gm8177,2.17660441986112,-0.249736693279959,7.12323200486297,0.0076091411689039,0.0509165888346998
Mirg,3.88550434201921,-1.77868384447456,8.06459929923911,0.0045138456542672,0.0350283187519984
Gm8941,1.76127576310641,3.25919727132927,13.161559185478,0.0002857510145622,0.0044135417572865
Rian,3.59291387682439,1.73803752895222,16.5097889501576,4.83995509562879e-05,0.0010369692386695
Gm2061,2.1345555856361,0.630035155196987,12.0639126724866,0.0005140728444057,0.0069000575068604
Platr4,1.77793077167064,-0.197188366666261,13.8814682390891,0.0001947088993221,0.0032355680504815
Gm2093,-4.30224980545654,-1.68494270861515,8.07914523103576,0.0044777561497867,0.0348497613488269
Gm26747,3.5383469351227,-2.09997229655113,7.4145586744244,0.0064698182438376,0.045263244834131
Gm16399,-6.69894126686204,-0.423075355630663,121.359748739509,3.1875752103780397e-28,2.03826309252414e-25
C330002G04Rik,5.6002452857199,-1.53110442582162,11.799271089299,0.0005925391594211,0.007590008816111
Gm27000,6.37645812478357,-1.3452510114859,16.3893309059529,5.15747176259371e-05,0.0010920177959844
Gm26967,2.14925927609155,0.836810811699916,23.7161542679994,1.11641498916532e-06,4.25942959828087e-05
Gm9522,5.34320109375611,-1.15823531547071,8.90722222945242,0.0028404500443877,0.0251704181871299
Gtpbp4-ps1,7.6935620063399,-0.51400300655205,22.9940268442584,1.62505525697764e-06,5.93108067078641e-05
Gtpbp4-ps4,6.46080490365591,-1.67293151013167,13.6476389149456,0.0002205184422547,0.0035716391265294
Gm27206,2.25093340474445,-0.758267829725696,9.1399071114874,0.0025009379860449,0.022837300275096
Gm17767,1.73954758478762,-1.29473416105286,5.75182690606398,0.0164715186187088,0.0873345594158137
Zbed4-ps2,-6.52475117866405,-1.80426015579224,18.6982629646965,1.53121913033457e-05,0.0003935380870985
1700018L02Rik,1.81905334283024,1.07470026161942,18.718767383143,1.51484201034171e-05,0.000389955948105
Gm28592,1.50759382891608,2.09401401096765,6.00213964966203,0.014288539490413,0.0793094164056366
2310034O05Rik,5.19802093086442,-1.07516312252432,7.81368632814667,0.0051852025941269,0.0387158564547936
1810053B23Rik,-5.57989257566043,0.355369895062611,36.564141607037,1.47724350878653e-09,1.18669420761113e-07
Tmem167-ps1,-7.99758447968503,-2.03891994327963,34.4398092159799,4.39638614167515e-09,3.20916113519721e-07
Vmn1r90,6.95462581259975,-1.23740114128296,26.2797618291403,2.95367705744649e-07,1.3766029574443e-05
F730311O21Rik,-1.93339545878672,-0.735608452117941,8.89419341354728,0.0028607895112299,0.0252387313060274
Kat6b-ps2,-6.18977370669084,-1.67571542308504,13.8298665860259,0.0002001295819144,0.0033153072502433
Gm28876,7.45153091502916,-0.955162136706704,32.7753097380936,1.03450517517515e-08,6.86207457690868e-07
Zbed4-ps1,-10.463841519237,0.409916539908211,47.2311300396756,6.3090442708435495e-12,7.75818320874654e-10
Gm37885,1.54878858335592,0.169736072257925,9.81852684450458,0.0017276266477794,0.0173915866444597
Gm37539,2.0057535598153,0.0768355329688799,8.65143343318098,0.0032680415019582,0.0279075381678981
Gm29856,-1.58502887601517,-0.812390183563379,10.4821286343497,0.0012053480128146,0.013116877694251
Gm8276,-5.95891398033598,-2.48324211109274,23.8739652837416,1.02853396152643e-06,3.97153234515978e-05
Gm37844,-7.86212598635581,-2.92908030538094,19.8728151637687,8.27689732175997e-06,0.0002362758581886
Gm37518,4.7096096989002,-1.01166633461816,8.27965798894978,0.0040091679879695,0.032287435494046
Gm38357,-3.15261330344495,-1.4571586467259,5.89619571125445,0.0151736242777249,0.0824505811021758
Gm38070,3.6812061267172,-1.77754680675496,6.93465097695484,0.0084541558650248,0.0546937011972021
Gstp-ps,1.927307486071,8.01702203032669,28.726478817959,8.3356185649629e-08,4.4635899095955e-06
Tstd1,-1.87943067835891,3.62757118208678,35.6751500299674,2.3311877069255e-09,1.77458888966243e-07
Gm37416,3.53633920586221,0.084076526347472,8.11717748337841,0.0043847773443321,0.0344297932122329
Gm20305,-6.53089760174689,-2.60892688761477,40.6734873681023,1.79911696588454e-10,1.73257131425484e-08
Gm37881,6.8617668183367,-0.445191753981616,32.9525583402068,9.443539428731581e-09,6.29018422115429e-07
Gm9517,1.65211479100357,-0.336150599072393,6.58642350771678,0.0102759410877531,0.0626750073364447
Gm42686,-2.45273875068286,-1.36099556516473,4.22924748305898,0.0397330532316955,0.157775126043492
Idi1-ps2,8.34665682461626,0.166833165121085,45.8346680996889,1.28666212290228e-11,1.5235985701271e-09
Gm31121,5.08777840865579,-1.38256819462713,8.16892894215781,0.0042614063322712,0.0336409094457722
Gm42944,3.23592830179703,-0.580399901313868,16.0815398256918,6.06725990732061e-05,0.0012547376051543
Rpl21-ps11,-5.31754593627394,-1.46118751668051,7.99164240540796,0.004699376598998,0.0359790394212564
Gm42796,4.67214130731013,-1.0577396601793,14.9387778918055,0.0001110566502829,0.0020643623388635
Gm42427,2.56655648043315,2.18704958684571,7.06653092562328,0.0078537174826673,0.0520736323840401
Gm42429,2.55476214077342,0.027478989516018,4.54826881780468,0.0329520473493557,0.139505145372564
Gm43305,3.19611663866912,2.02871849573922,4.82407957866423,0.0280648459179474,0.125144944726445
Cyp3a63-ps,-4.07882041600214,0.146543049714782,5.18761217576721,0.0227484514256492,0.108186091030063
Gm7902,2.20455198755448,1.71393465011572,34.3822938127437,4.5282410317590206e-09,3.29038459698635e-07
Gm7652,4.48433799792522,-0.295303069993273,22.1706418644566,2.4945934417462e-06,8.63172527267418e-05
Gm21049,4.72855604790298,-0.203909952135289,29.2457545610411,6.37557635210331e-08,3.5379097820263e-06
Gm18840,1.62078993177592,-0.756388061461309,11.0871456044038,0.0008692818505663,0.0102450546276828
Gm44386,-3.33005309499994,-2.17313175466766,7.20266144201624,0.0072795544132793,0.0495124069767544
1700126G02Rik,2.05000114192945,-0.808033397627391,10.1270828514936,0.0014610645998207,0.0152757218395909
Gm44419,-1.54930819997717,-0.761503532718608,7.10995352094504,0.0076657097240181,0.0512307841338439
Gm44202,-2.32322285793076,-1.56629515166892,10.5672934111949,0.0011510613726951,0.0126727734875374
Gm29920,-8.37675158997057,-0.559283272756221,40.8601701469602,1.63520066755844e-10,1.59392182143837e-08
Gm42375,-2.16375282087894,0.537558043878241,13.1366514285514,0.0002895749268915,0.0044553847750614
Cyp2a21-ps,-2.988603682925,3.05894604323477,13.6318141950004,0.0002223848889677,0.0035846239317389
Gm44662,-3.53964951743047,4.04835642717381,12.9811684361926,0.0003146395548577,0.0047676094065932
Gm45225,-11.5827516454853,0.662346335668619,110.360962228974,8.16778025822889e-26,3.9566707638802103e-23
Gm44787,8.38695537639927,1.16105859358198,40.7195556955192,1.7571983833413e-10,1.70245899127842e-08
Gm45792,3.95563926338033,1.14726931628712,40.5080502284986,1.95807633201777e-10,1.863202871645e-08
4933431C10Rik,1.77026360437048,-0.728860102963016,5.54011207248712,0.018585392437124,0.0944693429252351
AI314278,-4.52510987927767,-2.66651354516873,7.29427863601871,0.0069174538295308,0.0477677826863413
Gm45253,3.32756961343592,-0.60804531838233,15.2820538503396,9.25920198086609e-05,0.0017854958126191
Gm45470,5.08130256625465,2.50903021417344,28.8277322235168,7.91102163034254e-08,4.25810073342276e-06
Gm45425,2.3456602411618,-0.672438703891764,9.99452494032545,0.0015700632738557,0.0161097763131309
Gm18562,2.77879704276836,1.41622173673932,13.422011049445,0.0002486889484739,0.0039206523967501
Gm38416,5.07516900492155,0.883603899185559,41.7313466245955,1.04716550856707e-10,1.05949289999704e-08
Gm42303,-2.74659296103858,-2.36989463439846,5.25537254777359,0.0218791170026241,0.105412768054234
Mup22,6.51771483673252,12.1591927515095,173.375240489227,1.35525679965704e-39,1.9695577453925e-36
Gm45724,3.89606552123835,2.17928512442422,67.2165536823765,2.43262948546668e-16,5.05039155255458e-14
Gm31774,4.01455523932271,-0.798578070216033,15.4228108171813,8.59445635411144e-05,0.0016775455345155
Gm45774,-6.87072426707125,1.22391153376911,17.9367271236744,2.28371401804426e-05,0.0005473381153291
Gm39157,1.99145063456045,-0.642753197219258,13.5106027852037,0.0002372193293794,0.0037770798799398
Gm45910,-1.90090929582024,5.54996930214878,15.0106157724106,0.0001069080916458,0.0020106267682949
BC049987,3.47251905479557,1.56971651951608,17.0617501391877,3.61837901270087e-05,0.0008135500266812
Gm39318,2.38340068754289,-0.129582427714612,14.4233611740916,0.0001459801206326,0.0025644375916854
Gm32281,4.93666914989938,0.557060601670823,22.4232687901984,2.18708226733872e-06,7.6841092583905e-05
Gm48275,6.04915899520447,-0.959406815607943,14.8280188010616,0.0001177726893337,0.0021541352536487
Gm47140,1.59729123836611,-0.904447782253517,7.16304395424011,0.0074420798580063,0.0501767560565538
Gsta13,-2.64923592300232,2.84569877104847,10.7571965983968,0.0010387460668925,0.0117133634295797
Gm35035,-1.66516958138396,-1.01699464907667,7.74280641290733,0.0053926926882019,0.0398003625639875
Gm30262,3.77153577180444,3.77385952806734,122.905189798163,1.46274176375756e-28,9.74307909809512e-26
Gm34921,-3.81408910756484,-1.05458938895514,17.9423598393217,2.2769656308941e-05,0.0005465401287608
Gm35696,-2.4353201511325,1.77860880556374,8.90396232257959,0.0028455253140724,0.0252014225322779
Gm48199,5.35061252856591,0.675238206645562,11.3606746408454,0.000750155710534,0.009160354253134
Gm40438,-2.23539699172625,0.956246282760938,43.0797716354231,5.2552804657694296e-11,5.715028131006131e-09
Gm36264,4.73595891722923,0.624231772251436,72.2597526556679,1.88656038334617e-17,4.30836489831026e-15
Gm31333,7.80692892047948,-1.21086763835155,15.5906589880449,7.86421357996808e-05,0.0015539841568525
Gm30551,6.83227305361414,-0.754031922718379,16.9306742843527,3.87700000764672e-05,0.0008608016961422
4930455J16Rik,5.78157706146794,-2.00029474813567,12.4612910266499,0.0004154726816741,0.0059195599725866
Gm33447,-3.78721882845984,-0.590374749527745,26.7919111310549,2.26583783731923e-07,1.10274204957833e-05
F630042J09Rik,2.42556536859101,-0.674957424397527,7.04414185785141,0.0079524916619612,0.052532451119055
A930028N01Rik,2.00392528290788,-0.97589098645507,8.10383691287547,0.0044171655762748,0.034529490905785
Gm35164,8.07114514541571,-0.527682144554422,42.0487892555679,8.90242935895556e-11,9.181563595629911e-09
Gm49284,2.34981865933137,0.938205105135394,31.3025895028005,2.20784958455686e-08,1.34712532285214e-06
Gm52969,2.35247628151733,2.94672677544492,58.5059221549306,2.02679940876271e-14,3.2727692271192597e-12
Gm31814,2.33472509690306,-0.597074092167668,18.5269770390651,1.67516428040219e-05,0.0004230517565009
Gm31583,5.09019342159265,5.64790645945665,96.5394714104973,8.748227524288251e-23,2.85406459598514e-20
Gm49410,2.84915606380716,0.145291715777919,16.232227307384,5.60327658801354e-05,0.0011739708982435
Gm49495,2.60641718902281,-1.00214327654606,6.54757351699149,0.0105027297297677,0.0634529997959436
Pdxp,-2.58547388818565,-1.43957983872888,8.8952347350542,0.0028591584649129,0.0252382701381
Gm1600,-1.83733629471237,0.49448944025352,11.0354008161246,0.0008938834736969,0.0104279563216147
Lncppara,1.78328384185947,-0.336760446448588,8.09346563335859,0.004442513179785,0.0346598417237893
Cyp2d36-ps,1.67653025570444,1.01013686102218,6.99939477428529,0.0081537278703208,0.0534421868531979
Gm49463,1.9347056093238,2.09655052271027,42.9265115221074,5.683520178607649e-11,6.0593843195119804e-09
Gm49774,-2.06123452583816,-0.0881911302505645,11.5628046184964,0.0006728428627394,0.0084097466800254
Gm49668,2.10006112818649,2.20543329259263,28.7234562040701,8.34863870242121e-08,4.4635899095955e-06
1810044K17Rik,-2.80898390786682,0.0336137189377746,27.485941974065,1.58240550788753e-07,8.03058236479051e-06
Gm22146,4.51281177847972,1.87449330174738,28.1167930167999,1.14210542628007e-07,5.94713268550917e-06
Gm3734,4.61197997638044,3.02058602170455,7.84569739191791,0.0050941802745205,0.038250618068805
Gm29863,2.30022759948713,-1.17918652670224,6.28370041091166,0.012185339980156,0.0708439066212109
Gm46620,2.9710552213035,3.19537017105725,7.42244741637217,0.0064415139332916,0.0451244705248029
Gm50136,9.02469433249627,2.10786799744643,58.9710499370398,1.6000890232721902e-14,2.6101044006152298e-12
Gm50475,-1.69078239651395,-0.493989140858953,8.08468791874712,0.0044640817715561,0.0347771984405931
Gm53019,6.72912771012635,3.06150419169453,115.968779317021,4.82838198613468e-27,2.57288381434496e-24
Rn7s2,-2.5251581910226,0.714016685400252,12.2541294640432,0.0004642296749891,0.0064141534869283
Rn7s1,-2.755659178707,0.645446400138094,13.1095860559345,0.0002937885956891,0.0045028806238601
Gm56821,2.63385890022228,0.846720734268678,24.377719175901,7.91791821706062e-07,3.20445166121345e-05
Gm30842,4.32618584873924,2.79059944304973,100.763406221399,1.0365374319488e-23,3.85350869468222e-21
Gm32542,3.8910517572098,-0.552190227633591,8.41673036234552,0.0037178378517021,0.030699047467619
Gm36180,3.70999621595664,0.768886612510751,32.7280911273743,1.05994274914329e-08,7.00175404454739e-07
Gm33459,10.8727682739933,1.30398403056143,36.2549929365674,1.7311592401031e-09,1.34996642011162e-07
Gm35287,1.73769523848436,1.00807062105575,6.73974917263774,0.0094287881119911,0.0589553830560606
Gm32006,2.44429342327899,0.865460102979743,5.68826585247848,0.0170787237477458,0.0893976679212391
Gm32202,3.69969589228559,1.05307562835857,44.170580648287,3.0097075085362496e-11,3.3882524106662302e-09
Gm56814,7.06924872006149,-0.605292368262544,25.2869804279767,4.94032215376838e-07,2.14027073035613e-05
Gm57262,3.78241215341616,-0.0074100555616859,25.1708483057301,5.24693485041704e-07,2.25477151932169e-05
Gm56963,-2.69948250624975,-0.706111152080368,18.38048707019,1.80901086623469e-05,0.0004524286766035
Gm56810,4.66374846532482,5.42642984495735,192.42022593662,9.420308472794351e-44,1.8824131405761298e-40
Gm56764,2.65914936604075,-1.00511468605336,13.651121753735,0.0002201097826088,0.0035686358872066
Gm56542,11.3520119368557,2.52189404013598,31.4337204358414,2.0636561759788e-08,1.27373002429333e-06
A830021M18Rik,-8.16471486525441,-2.82487250421554,21.4379708254335,3.65461576594947e-06,0.0001196036775878
Gm56855,1.69309401786703,0.20782058176956,11.8251673638327,0.0005843546169784,0.0075152798930149
D17H6S56E-5,-1.54574428901522,0.904795673034983,10.7250579290083,0.0010569436009556,0.0118660407357444
Gm57302,2.34382616648838,-1.00477568337152,7.79037885973568,0.005252518027642,0.0390215752619496
Gm33887,2.78100904197835,2.34330937742675,8.04237996631775,0.004569546125282,0.0352680016462808
Gm31249,2.58747147894358,-0.847548121722546,6.66489773312549,0.0098330297895324,0.0607853109881922
Gm56918,1.81898493332503,3.62393274664101,16.9377730788206,3.86252921471192e-05,0.0008599776048243
Gm57173,1.96493951333254,1.27934667181838,12.5923665478102,0.0003873254041634,0.0056186786850788
9030619P08Rik,-2.81625347536615,1.87349237080117,17.2189258985193,3.33101342068284e-05,0.000756386087259
Gm4956,4.5595380420334,-0.101904243780598,19.8885641270672,8.20899093030924e-06,0.0002347565814166
Gm55636,-2.02316478157017,-1.44153727198429,8.44442049672443,0.0036616509915065,0.0303763117541377
Rn7sk,-1.91480390749462,1.45017640345162,11.522971300254,0.0006874142742112,0.0085717664489404
Gm55460,4.9005380392899,-1.22849188491354,8.24084713976232,0.0040958011682853,0.0328197882086267
Gm54754,-2.27739473256757,-1.29104867511324,11.7587661627346,0.0006055735523153,0.0077383683511698
